SKU,Producto,Categoria,Marca,Precio,Stock Actual,Caducidad,Estado
188ZCMUWOS,Agua Oxigenada,Implementos Insumos Desechables,3M,0.0,0,,Activo
DGNOYADL5V,Alcohol,Implementos Insumos Desechables,Cositen,0.0,0,,Activo
JCMZL3XUNK,Alcohol Gel,Implementos Insumos Desechables,Blossom,0.0,0,,Activo
9TDAKE04HS,Amonio Cuaternario,Implementos Insumos Desechables,3M,0.0,0,,Activo
PMP5ICE9CR,Aromatizante,Implementos Insumos Desechables,3M,0.0,0,,Activo
BME0CCEIKJ,Bandeja Examenes Completa,Implementos Insumos Desechables,Alfa Dental,0.0,0,,Activo
UZTXVLWIJA,Bandeja Examenes sola,Implementos Insumos Desechables,Alfa Dental,0.0,0,,Activo
GW3XJH5TC3,Bata quirúrgica,Implementos Insumos Desechables,3M,0.0,0,,Activo
Z9OPCDWP4A,Campo Estéril Desechable,Implementos Insumos Desechables,3M,0.0,0,,Activo
IINQE0CDB6,Campo para paciente,Implementos Insumos Desechables,3M,0.0,0,,Activo
G0G751WQFI,Clorhexidina 0.12%,Implementos Insumos Desechables,Dia Dent,0.0,0,,Activo
28MNCPZVSI,Cloro Gel,Implementos Insumos Desechables,Coltene,0.0,0,,Activo
ISGP7YYN5E,Cloro Liquido,Implementos Insumos Desechables,Coltene,0.0,0,,Activo
RJ8IF5UC49,Cubre Calzado pares,Implementos Insumos Desechables,3M,0.0,0,,Activo
AY35JXRO9P,Desodorante Ambiental,Implementos Insumos Desechables,Coltene,0.0,0,,Activo
VEXZRXSCCR,Detergente Sanificante,Implementos Insumos Desechables,3M,0.0,0,,Activo
Z593ERRTG8,Dispensador Torula,Implementos Insumos Desechables,3M,0.0,0,,Activo
YGMPXTH044,Espatula Yeso,Implementos Insumos Desechables,3M,0.0,0,,Activo
IHLGY3HAEK,Espejo sin mango,Implementos Insumos Desechables,3M,0.0,0,,Activo
JZEZCP82OP,Eyector,Implementos Insumos Desechables,3M,0.0,0,,Activo
DFN7QPLN0X,Eyector de Saliva,Implementos Insumos Desechables,3M,0.0,0,,Activo
0RFSHSO38M,Faciales,Implementos Insumos Desechables,3M,0.0,0,,Activo
SCVGSKXEZF,Gorro Esteril,Implementos Insumos Desechables,3M,0.0,0,,Activo
MBD7SJIXE8,GUANTES ESTERILES 6.0,Implementos Insumos Desechables,3M,0.0,0,,Activo
IOPH6WEZNK,GUANTES ESTERILES 7.0,Implementos Insumos Desechables,3M,0.0,0,,Activo
878Z6B8UXE,GUANTES ESTERILES 7.5,Implementos Insumos Desechables,3M,0.0,0,,Activo
9NGSOXS2GT,Guantes Talla M,Implementos Insumos Desechables,3M,0.0,0,,Activo
T4OBYHKOIM,Guantes Talla S,Implementos Insumos Desechables,3M,0.0,0,,Activo
PAQ8U8DCO6,Gutaperchero,Implementos Insumos Desechables,3M,0.0,0,,Activo
VIH0Q5MEFW,Hilo para Mechero,Implementos Insumos Desechables,3M,0.0,0,,Activo
J70KUTVFZN,Huincha Celuloides,Implementos Insumos Desechables,3M,0.0,0,,Activo
70G3MYKLEI,Huincha Metalico,Implementos Insumos Desechables,3M,0.0,0,,Activo
MBWXEWR6MN,Interproximal #0,Implementos Insumos Desechables,3M,0.0,0,,Activo
QLEWFAPWRS,Interproximal #1,Implementos Insumos Desechables,3M,0.0,0,,Activo
3CR1XBWJKB,Jabón Enzimático,Implementos Insumos Desechables,3M,0.0,0,,Activo
OG2XF1Y2MG,Jabon Liquido,Implementos Insumos Desechables,Alfa Dental,0.0,0,,Activo
6OYVQD53FL,Jeringa Para Silicona,Implementos Insumos Desechables,3M,0.0,0,,Activo
G341W58IRY,Levante de Mordida,Implementos Insumos Desechables,3M,0.0,0,,Activo
BSC8QCTL7C,Lidocaina en gel 2%,Implementos Insumos Desechables,3M,0.0,0,,Activo
ZOKC9LT5QX,Lustra Muebles,Implementos Insumos Desechables,3M,0.0,0,,Activo
844ZE6DEQJ,Manga Esterilización 25mmx200m,Implementos Insumos Desechables,Coltene,0.0,0,,Activo
WIDIXG3A2N,Manga Esterilización 50mmx200m,Implementos Insumos Desechables,Coltene,0.0,0,,Activo
89QNH3YOM7,Manga Esterilización 75mmx200m,Implementos Insumos Desechables,Coltene,0.0,0,,Activo
5ELMGKVLK6,Manga Esterilización 100mmx100mm,Implementos Insumos Desechables,3M,0.0,0,,Activo
83EHGI5KVJ,Manga Esterilización 100mmx200m,Implementos Insumos Desechables,Coltene,0.0,0,,Activo
0S5W6FHMCN,Manga Esterilización 150mmx200m,Implementos Insumos Desechables,Alfa Dental,0.0,0,,Activo
XSEA1E5M2P,Manga Esterilización 200mmx200m,Implementos Insumos Desechables,Coltene,0.0,0,,Activo
6USBWZTZMV,Manga Esterilización 250mmx100m,Implementos Insumos Desechables,3M,0.0,0,,Activo
5L9JNGYKPA,Mango para Espejo,Implementos Insumos Desechables,3M,0.0,0,,Activo
K6NCVEHCUP,Mascarilla,Implementos Insumos Desechables,3M,0.0,0,,Activo
PK4YKGQYL0,Paño Campo Desechable,Implementos Insumos Desechables,Cositen,0.0,0,,Activo
N5GDIPNVIU,Papel Confort,Implementos Insumos Desechables,3M,0.0,0,,Activo
CFDRQOZXVN,Pechera Plastica,Implementos Insumos Desechables,3M,0.0,0,,Activo
RVE75QLGEW,Aguja 25G 5/8,Material Cirugia,3M,0.0,0,,Activo
XF3NJQQVRV,Aguja Corta,Material Cirugia,Star-Ject,0.0,0,,Activo
T17QSQ2U6A,Aguja Hipodermica 30G x 1/2,Material Cirugia,3M,0.0,0,,Activo
COBUQY43DQ,Aguja Larga,Material Cirugia,Star-Ject,0.0,0,,Activo
ZQWDVP6PT0,Anestesia 2%,Material Cirugia,3M,0.0,0,,Activo
5ZGXXPIKEI,Anestesia Topica Gel,Material Cirugia,3M,0.0,0,,Activo
1NLDCWHGQC,Articaina 4%,Material Cirugia,3M,0.0,0,,Activo
KKKAI0HDJI,Articanina 4%,Material Cirugia,3M,0.0,0,,Activo
1RST77OJQ1,Bisturi Esteril N11,Material Cirugia,3M,0.0,0,,Activo
QB99NGL1WS,Bisturi Esteril N15,Material Cirugia,3M,0.0,0,,Activo
0UYQLXJVXL,Bisturi Esteril N15 C,Material Cirugia,3M,0.0,0,,Activo
TSHGCUSMIO,Cinta Control Autoclave,Material Cirugia,3M,0.0,0,,Activo
MFPOU5JSIB,Eyector Esteril,Material Cirugia,3M,0.0,0,,Activo
ARDE53PPHS,Gasa Quirurjica,Material Cirugia,3M,0.0,0,,Activo
X31KID0SRZ,Guantes Nítrilo S,Material Cirugia,3M,0.0,0,,Activo
LOXHVPSD3B,Hilo de Sutura 1/2 Circulo 3.0 trenzada,Material Cirugia,3M,0.0,0,,Activo
AVXGSJBGB8,Hilo de Sutura 1/2 Circulo 4.0 absorvible,Material Cirugia,3M,0.0,0,,Activo
XLVERE3ZUQ,Hilo de Sutura 1/2 Circulo 4.0 trenzada,Material Cirugia,3M,0.0,0,,Activo
CVZTCMFWVO,Hilo de Sutura 1/2 Circulo 5.0 absorbible,Material Cirugia,3M,0.0,0,,Activo
9FUYW2V0LF,Hilo de Sutura 1/2 Circulo 5.0 trenzada,Material Cirugia,3M,0.0,0,,Activo
J464ZVCUWB,Hilo Retractor 0,Material Cirugia,3M,0.0,0,,Activo
BYQD08KBQP,Hilo Retractor 00,Material Cirugia,3M,0.0,0,,Activo
ZGJQ3N9PM6,Infiltración concepto Vestibular Set 3 Jeringas,Material Cirugia,3M,0.0,0,,Activo
2R99XWF8BO,Jeringa 3ml para endodoncia,Material Cirugia,3M,0.0,0,,Activo
HMLHVZD0TM,Jeringa 3ml verde,Material Cirugia,3M,0.0,0,,Activo
YCOHEFEWLJ,Jeringa Tuberculina 1ml,Material Cirugia,3M,0.0,0,,Activo
UKENDQEMHP,Jeringas 20 ml,Material Cirugia,3M,0.0,0,,Activo
VWCOILZS0I,Manga Esterilización 7cm x 25cm,Material Cirugia,3M,0.0,0,,Activo
GWEKVV2M8P,Manga Esterilización 9cm x 3cm,Material Cirugia,3M,0.0,0,,Activo
P1ZNB0QBXJ,Mepivacaina 3%,Material Cirugia,3M,0.0,0,,Activo
0UEVKGOGID,Acrilico Autocurable 42,Material Laboratorio,Marche,6.98,0,,Activo
WZENDEHM2M,Acrilico Autocurable 45,Material Laboratorio,Marche,0.0,0,,Activo
0N23ZS8S4R,Acrilico Autocurable 46,Material Laboratorio,Marche,0.0,0,,Activo
3EUNZJ0V6Z,Acrilico Autocurable 47,Material Laboratorio,Marche,0.0,0,,Activo
FFFRFEQXXR,Acrilico Autocurable Rosado,Material Laboratorio,Marche,0.0,0,,Activo
4JWTLOCYO6,ACRILICO TRANSPARENTE,Material Laboratorio,Marche,0.0,0,,Activo
P6UVG4JFR7,acririlico autotransparente 1kg veracril,Material Laboratorio,Marche,1.0,0,,Activo
JTQQIR3ZKP,Aislante para Acrilico,Material Laboratorio,3M,0.0,0,,Activo
SZMTXXCRTF,Alcohol para quemar,Material Laboratorio,3M,0.0,0,,Activo
ELM5C74XPD,Bipines para Laboratorio,Material Laboratorio,Alfa Dental,0.0,0,,Activo
Q54CTJP6KY,Liquido para Cerec Dentatec,Material Laboratorio,3M,0.0,0,,Activo
DDKYJLK9AU,Cubo Cerec HT/B1,Material Laboratorio,3M,0.0,0,,Activo
BUTEEYLBLT,Cubo cerec HTA 1,Material Laboratorio,3M,0.0,0,,Activo
NSPLB3CWSG,Cubo cerec HTA 2,Material Laboratorio,3M,0.0,0,,Activo
T7WLT5X3NM,Cubo cerec HTA 3,Material Laboratorio,3M,0.0,0,,Activo
K9WLRAIDS4,Cubo cerec HTA 3.5,Material Laboratorio,3M,0.0,0,,Activo
WEVWZRX0M1,Cubo cerec HTBL 2,Material Laboratorio,3M,0.0,0,,Activo
OKZ59Q7F4F,Cubo cerec LTA 1,Material Laboratorio,3M,0.0,0,,Activo
WS7HHDB2UJ,Cubo cerec LTA 2,Material Laboratorio,3M,0.0,0,,Activo
FAB2SY9CU9,Cubo cerec LTA 3,Material Laboratorio,3M,0.0,0,,Activo
JZPXW8HRT4,Cubo cerec LTA 3.5,Material Laboratorio,3M,0.0,0,,Activo
MJFSOLC9UJ,Cubo cerec LTBL1,Material Laboratorio,3M,0.0,0,,Activo
HA6A9KFXGG,Cubo cerec LTBL2,Material Laboratorio,3M,0.0,0,,Activo
1XOVXQ4JPM,Cubo cerec MT OM2,Material Laboratorio,3M,0.0,0,,Activo
UGFNJVSPEH,Cubo cerec VITA A2C,Material Laboratorio,3M,0.0,0,,Activo
KUXSAAKSO4,Cubo cerec VITA A3C,Material Laboratorio,3M,0.0,0,,Activo
IDWDCYA24J,Cubo cerec VITA triluxe,Material Laboratorio,3M,0.0,0,,Activo
JDQ5ASSWHO,Disco para Laboratorio,Material Laboratorio,3M,0.0,0,,Activo
B4PAGLLCHT,Disco para pulido diverso lab,Material Laboratorio,3M,0.0,0,,Activo
7WYEKJ1WMD,Fresa de tramo largo,Material Laboratorio,3M,0.0,0,,Activo
BIX8MHZCRJ,Fresa para Cerec,Material Laboratorio,3M,0.0,0,,Activo
HSWHWECUFG,Fresa para Metal,Material Laboratorio,3M,0.0,0,,Activo
HPZSGLWXSU,Fresa rosada cilindrica para acrilico,Material Laboratorio,3M,0.0,0,,Activo
T7FM3SZ2TS,Fundente para soldadura,Material Laboratorio,3M,0.0,0,,Activo
VAECWTMX1T,Godiva Verde,Material Laboratorio,3M,0.0,0,,Activo
RW4FHEVBZO,Ionomero Restauracion A2,Material Laboratorio,3M,0.0,0,,Activo
DL6ZB9HI0I,Ionomero de Vidrio de restauración,Material Laboratorio,3M,0.0,0,,Activo
KHSIR82R22,Ionomero Restauracion A 3,Material Laboratorio,3M,0.0,0,,Activo
CCG3DDBQAR,Ionomero RestauracioN A2,Material Laboratorio,3M,0.0,0,,Activo
AKIPMEDN3H,Lija P220,Material Laboratorio,3M,0.0,0,,Activo
MLEXXLYQIA,Lija P400,Material Laboratorio,3M,0.0,0,,Activo
KIXJ3F5DK0,Lija P500,Material Laboratorio,3M,0.0,0,,Activo
I2O1E9VMCK,Lija P800,Material Laboratorio,3M,0.0,0,,Activo
EG5GFLKPOA,Lija P1500,Material Laboratorio,3M,0.0,0,,Activo
Q54CTJP6KY,Liquido para Cerec Dentatec,Material Laboratorio,3M,0.0,0,,Activo
32U2YOKXEU,Monómero,Material Laboratorio,Alfa Dental,0.0,0,,Activo
DISHZW1NDJ,Aguja para irrigación endodoncia,Materiales De Endodoncia,3M,0.0,0,,Activo
CAVWDMCUSI,canulas,Materiales De Endodoncia,Asatex,0.0,0,,Activo
69HBKUCNMB,Carpule,Materiales De Endodoncia,3M,0.0,0,,Activo
IZOONAP8AT,Cateter,Materiales De Endodoncia,3M,0.0,0,,Activo
O6J4CCNSA7,"Cono de Gutapercha Set de (6) F1, F2, F3",Materiales De Endodoncia,3M,0.0,0,,Activo
VHE3JE5M6X,Cono de papel 40,Materiales De Endodoncia,3M,0.0,0,,Activo
0PQPQ9LWT1,Cono Gutapercha 50 .02,Materiales De Endodoncia,3M,0.0,0,,Activo
AULL7O5JHQ,Cono Gutapercha 55 .02,Materiales De Endodoncia,3M,0.0,0,,Activo
C3DS7AWBU8,Cono Gutapercha 60 .02,Materiales De Endodoncia,3M,0.0,0,,Activo
ICRVKABDZ9,Cono Gutapercha 70 .02,Materiales De Endodoncia,3M,0.0,0,,Activo
EJIDFHMP32,Cono Gutapercha 80 .02,Materiales De Endodoncia,3M,0.0,0,,Activo
IWQV3GG7JQ,Cono Gutapercha 1ra SERIE . 06,Materiales De Endodoncia,Denstly,0.0,0,,Activo
2HWORO2VTH,Cono Gutapercha 1ra SERIE . 04,Materiales De Endodoncia,Denstly,0.0,0,,Activo
3XMWUHCM5I,Cono Gutapercha 2da Serie,Materiales De Endodoncia,Denstly,0.0,0,,Activo
XESLT8K6SB,Cono Gutapercha 15 .02,Materiales De Endodoncia,Denstly,0.0,0,,Activo
G3JS1RIBGH,Cono gutapercha 20 . o2,Materiales De Endodoncia,Denstly,0.0,0,,Activo
YOKR6KRDZH,Cono Gutapercha 25,Materiales De Endodoncia,Denstly,0.0,0,,Activo
HEMWFZVLF2,Cono Gutapercha 25 .02,Materiales De Endodoncia,Denstly,0.0,0,,Activo
HZLMUZUUCV,Cono Gutapercha 30 .02,Materiales De Endodoncia,Denstly,0.0,0,,Activo
TES2NN69OL,Cono Gutapercha 35 .02,Materiales De Endodoncia,Denstly,0.0,0,,Activo
LTG4JE4EIO,Cono Gutapercha 40 . 02,Materiales De Endodoncia,Denstly,0.0,0,,Activo
VQXPAFXGEO,Cono Gutapercha 40 .04,Materiales De Endodoncia,Denstly,0.0,0,,Activo
CAKYNBEDMM,Cono Gutapercha 45.02,Materiales De Endodoncia,3M,0.0,0,,Activo
446EM3LWLH,Cono Gutapercha2da Serie .06,Materiales De Endodoncia,Denstly,0.0,0,,Activo
TE0IMMFOUW,Cono papel 20,Materiales De Endodoncia,Denstly,0.0,0,,Activo
GBCRDP2S21,Cono Papel 1era serie 0.6,Materiales De Endodoncia,3M,0.0,0,,Activo
4TCAFBP24U,Cono Papel 1ra serie,Materiales De Endodoncia,3M,0.0,0,,Activo
QSC6DI7MPL,Cono Papel 2da serie,Materiales De Endodoncia,3M,0.0,0,,Activo
FAIYVRMWC2,Cono Papel 15,Materiales De Endodoncia,Denstly,0.0,0,,Activo
IIBCSYFUQX,Cono Papel 25,Materiales De Endodoncia,Denstly,0.0,0,,Activo
RECXGCIPOJ,Cono Papel 25 .02,Materiales De Endodoncia,Denstly,0.0,0,,Activo
UHT76ZUEUC,Cono papel 30 .02,Materiales De Endodoncia,Denstly,0.0,0,,Activo
GSROLWTMCH,Cono Papel 35,Materiales De Endodoncia,Denstly,0.0,0,,Activo
OTRZ65EI7W,Cono papel 40,Materiales De Endodoncia,3M,0.0,0,,Activo
JON7RYU3CB,Cono Papel 45,Materiales De Endodoncia,3M,0.0,0,,Activo
RTQQ4FA3FE,Cono Papel 50,Materiales De Endodoncia,Denstly,0.0,0,,Activo
BQVJDVXIRY,Cono Papel 60,Materiales De Endodoncia,3M,0.0,0,,Activo
V1CBI3CJSD,Cono Papel 70,Materiales De Endodoncia,3M,0.0,0,,Activo
YFZQQSJVGD,Cono Papel 80,Materiales De Endodoncia,3M,0.0,0,,Activo
7PLPIIBVLS,Edta,Materiales De Endodoncia,3M,0.0,0,,Activo
X9SBLT5KFD,Endo Ice,Materiales De Endodoncia,3M,0.0,0,,Activo
MOQQ76035N,Endobact,Materiales De Endodoncia,3M,0.0,0,,Activo
ZKUXBZ3JRY,Espaciador Manual N°25,Materiales De Endodoncia,Denstly,0.0,0,,Activo
KRKG6RQZBC,Espaciador N°10,Materiales De Endodoncia,Denstly,0.0,0,,Activo
D4EK6WMXXK,Espaciador N°40,Materiales De Endodoncia,Denstly,0.0,0,,Activo
HIO44ACWJE,Fibra de Vidrio,Materiales De Endodoncia,3M,0.0,0,,Activo
JTGFAMKDRW,Fresa Peeso N5,Materiales De Endodoncia,Denstly,0.0,0,,Activo
GGZGVIGPEJ,Fresa Peeso N6,Materiales De Endodoncia,Denstly,0.0,0,,Activo
OYDHZPYI5F,Fresa Pesso N2,Materiales De Endodoncia,Denstly,0.0,0,,Activo
FWDUA0TWBC,Fresa Pesso N3,Materiales De Endodoncia,Denstly,0.0,0,,Activo
P3JDZUZEOU,Fresa Pesso N4,Materiales De Endodoncia,Denstly,0.0,0,,Activo
UGT5FBLXOO,Gancho Labial,Materiales De Endodoncia,Alfa Dental,0.0,0,,Activo
YOKR6KRDZH,Gates Gliden N5,Materiales De Endodoncia,Denstly,0.0,0,,Activo
DVFADZIUDQ,Gates Gliden N6,Materiales De Endodoncia,Denstly,0.0,0,,Activo
TVVVVT0GVD,Goma Dique,Materiales De Endodoncia,Blossom,0.0,0,,Activo
UQBNLSJJAC,Hipoclorito 5.0%,Materiales De Endodoncia,3M,0.0,0,,Activo
SIZOWPCU9D,Lentulo,Materiales De Endodoncia,3M,0.0,0,,Activo
KBUQZNQVUK,lentulo 25mm,Materiales De Endodoncia,3M,0.0,0,,Activo
AGSEPPNTJW,Lima H 1 serie 21mm,Materiales De Endodoncia,Denstly,0.0,0,,Activo
O4NLS5Z0EQ,Lima H 1ra Serie 25 cm,Materiales De Endodoncia,3M,0.0,0,,Activo
WCWNWPKDDF,Lima H 2da Serie 21 mm,Materiales De Endodoncia,3M,0.0,0,,Activo
X2QTA9Y48A,Lima H 2da Serie 25 mm,Materiales De Endodoncia,3M,0.0,0,,Activo
4ALFSGJ3PY,Lima H 15 . 25mm,Materiales De Endodoncia,Denstly,0.0,0,,Activo
BCOLIGOVAA,Lima H 25 . 25mm,Materiales De Endodoncia,Denstly,0.0,0,,Activo
RNW9NB0L9H,Lima H 30 . 25mm,Materiales De Endodoncia,Denstly,0.0,0,,Activo
CRMYNTUADG,Lima k 1ra Serie 21 cm,Materiales De Endodoncia,3M,0.0,0,,Activo
NUBKF1POHU,Lima k 1ra Serie 25 cm,Materiales De Endodoncia,3M,0.0,0,,Activo
4CRLUWP1F3,Lima k 1ra Serie 30 mm,Materiales De Endodoncia,3M,0.0,0,,Activo
AETVRMBUMB,Lima k 06 .25mm,Materiales De Endodoncia,3M,0.0,0,,Activo
OOMMHUXG10,Lima k 06 31mm,Materiales De Endodoncia,3M,0.0,0,,Activo
U1SOTGPQTJ,Lima K 08 . 25mm,Materiales De Endodoncia,3M,0.0,0,,Activo
0TDCI9AD2N,Lima k 08 31mm,Materiales De Endodoncia,3M,0.0,0,,Activo
4MVCXF3G5O,Lima K 10 21mm,Materiales De Endodoncia,3M,0.0,0,,Activo
MQMQL7EKTW,Lima K 10 25mm,Materiales De Endodoncia,3M,0.0,0,,Activo
VR3VGWCNAZ,Lima k 10 31mm,Materiales De Endodoncia,3M,0.0,0,,Activo
2LRDDHC0QG,Lima k 15 . 25mm,Materiales De Endodoncia,3M,0.0,0,,Activo
QBDPBAG541,Lima k 15 31mm,Materiales De Endodoncia,3M,0.0,0,,Activo
8SPIPKNMEA,Lima k 20 . 25mm,Materiales De Endodoncia,3M,0.0,0,,Activo
K61D8AOBEJ,Lima k 20 31mm,Materiales De Endodoncia,3M,0.0,0,,Activo
5YUK77RK1O,Lima k 25 31mm,Materiales De Endodoncia,3M,0.0,0,,Activo
J8MLGOM54K,Lima Rotatorio 21mm,Materiales De Endodoncia,Denstly,0.0,0,,Activo
UVRICCRHP7,Lima Rotatorio 25mm,Materiales De Endodoncia,Denstly,0.0,0,,Activo
CLJPS2KBBR,Lima Rotatorio Primera Serie 35mm 04,Materiales De Endodoncia,3M,0.0,0,,Activo
S7FYEE6TTC,Limas Flexofile primera Serie 25mm,Materiales De Endodoncia,3M,0.0,0,,Activo
61ZSEHTOYQ,Perforador de Goma Dique,Materiales De Endodoncia,3M,0.0,0,,Activo
OXOONNMSUF,Bicarbonato de Sodio,Materiales De Higiene Oral,3M,0.0,0,,Activo
HLGKV1PZQE,Blanqueamiento 35 H,Materiales De Higiene Oral,DFL,0.0,0,,Activo
MYPTSPVG7N,Blanqueamiento Office,Materiales De Higiene Oral,Premium Grip,0.0,0,,Activo
OYWQIJBTOC,Cubetas para Fluor,Materiales De Higiene Oral,3M,0.0,0,,Activo
BK5QZYDDZX,Jeringa para Blanqueamiento,Materiales De Higiene Oral,Valma,0.0,0,,Activo
JQHQYNMQRO,Pasta Profilactica 2gr,Materiales De Higiene Oral,3M,0.0,0,,Activo
2ZCIY6FPIL,Pasta Profiláctica Menta,Materiales De Higiene Oral,3M,0.0,0,,Activo
UDOHGY82UB,Pasta Profiláctica Tutti Frutti,Materiales De Higiene Oral,3M,0.0,0,,Activo
MJD7RG3PWQ,Abre Boca Metalico,Materiales de Ortodoncia,Blossom,0.0,0,,Activo
6UZG9KTC4D,Abreboca plastico,Materiales de Ortodoncia,3M,0.0,0,,Activo
GZAHBRPXSJ,Alambre 0.7mm,Materiales de Ortodoncia,3M,0.0,0,,Activo
KNAQWMDGJX,Alambre para retenedor lingual,Materiales de Ortodoncia,3M,0.0,0,,Activo
6KOSIDLQMP,Arco Acero 12 Inferior,Materiales de Ortodoncia,3M,0.0,0,,Activo
MPE7LJOXRK,Arco Acero 12 Superior,Materiales de Ortodoncia,3M,0.0,0,,Activo
AIKRQPXV2B,Arco Acero 14 Inferior,Materiales de Ortodoncia,3M,0.0,0,,Activo
1YAQEFBQXY,Arco Acero 14 Superior,Materiales de Ortodoncia,3M,0.0,0,,Activo
DY7GSTYK2L,Arco Acero 16 Inferior,Materiales de Ortodoncia,3M,0.0,0,,Activo
IZDYISUHV8,Arco Acero 16 Superior,Materiales de Ortodoncia,3M,0.0,0,,Activo
X2IVPRB9MC,Arco Acero 16x22 Inferior,Materiales de Ortodoncia,3M,0.0,0,,Activo
KP1SDVACXG,Arco Acero 16x22 Superior,Materiales de Ortodoncia,3M,0.0,0,,Activo
2KUNQLEE7K,Arco Acero 17x22 Inferior,Materiales de Ortodoncia,3M,0.0,0,,Activo
T8TJ6SFAXO,Arco Acero 17x22 Superior,Materiales de Ortodoncia,3M,0.0,0,,Activo
UQGTKSCQLO,Arco Acero 17x25 Inferior,Materiales de Ortodoncia,3M,0.0,0,,Activo
CRRBLCCHT4,Arco Acero 17x25 Superior,Materiales de Ortodoncia,3M,0.0,0,,Activo
ZBAHUQGAQF,Arco Acero 18 Inferior,Materiales de Ortodoncia,3M,0.0,0,,Activo
C8VPE6WWG7,Arco Acero 18 Superior,Materiales de Ortodoncia,3M,0.0,0,,Activo
1BEGXFU93X,Arco Acero 18x18 Superior,Materiales de Ortodoncia,3M,0.0,0,,Activo
DFRRLAYERE,Arco Acero 18x25 Inferior,Materiales de Ortodoncia,3M,0.0,0,,Activo
E5MDII5UAH,Arco Acero 18x25 Superior,Materiales de Ortodoncia,3M,0.0,0,,Activo
S8XPVO5WWC,Arco Acero 19x25 Inferior,Materiales de Ortodoncia,3M,0.0,0,,Activo
W01VFRLHIL,Arco Acero 19x25 Superior,Materiales de Ortodoncia,3M,0.0,0,,Activo
ZBJKY6JNE5,Arco Acero 20 Inferior,Materiales de Ortodoncia,3M,0.0,0,,Activo
PWFCRMIT9N,Arco Acero 20 Superior,Materiales de Ortodoncia,3M,0.0,0,,Activo
IXI2S6RHIE,Arco Acero 21x25 inferior,Materiales de Ortodoncia,3M,0.0,0,,Activo
EL3LGYG9FF,Arco Acero 21x25 Superior,Materiales de Ortodoncia,3M,0.0,0,,Activo
2FO96W7WVA,Arco Cobre 014 Ni-Ti,Materiales de Ortodoncia,3M,0.0,0,,Activo
PZDKCW3CMX,Arco Cobre 16x22 Ni-Ti,Materiales de Ortodoncia,3M,0.0,0,,Activo
FASHSMNXB6,Arco Cobre 17x25 Ni-Ti,Materiales de Ortodoncia,3M,0.0,0,,Activo
9BEAV6FEHU,Arco Cobre 018 Ni-Ti,Materiales de Ortodoncia,3M,0.0,0,,Activo
JBPDW6CX39,Arco DKL,Materiales de Ortodoncia,3M,0.0,0,,Activo
CLP5KRFTRW,Arco Ni-Ti 012 Inferior,Materiales de Ortodoncia,3M,0.0,0,,Activo
FGDKELNXNR,Arco Ni-Ti 012 Superior,Materiales de Ortodoncia,3M,0.0,0,,Activo
4QCYFCISLP,Arco Ni-Ti 014 inferior,Materiales de Ortodoncia,3M,0.0,0,,Activo
SLLSXI1CWN,Arco Ni-Ti 014 Superior,Materiales de Ortodoncia,3M,0.0,0,,Activo
FUZW3BMUHE,Arco Ni-Ti 016 Inferior,Materiales de Ortodoncia,3M,0.0,0,,Activo
WXQJWE05NZ,Arco Ni-Ti 16x16 Inferior,Materiales de Ortodoncia,3M,0.0,0,,Activo
UWEYVH70ZW,Arco Ni-Ti 16x16 Superior,Materiales de Ortodoncia,3M,0.0,0,,Activo
Q4PQUXWONF,Arco Ni-Ti 16x22 Inferior,Materiales de Ortodoncia,3M,0.0,0,,Activo
I1AXUUNDZO,Arco Ni-Ti 16x22 Superior,Materiales de Ortodoncia,3M,0.0,0,,Activo
V2SRG8OSKD,Arco Ni-Ti 16x25 superior,Materiales de Ortodoncia,3M,0.0,0,,Activo
QFOM2YVACN,Arco Ni-Ti 17x22 Inferior,Materiales de Ortodoncia,3M,0.0,0,,Activo
JVI13RV6QV,Arco Ni-Ti 17x22 Superior,Materiales de Ortodoncia,3M,0.0,0,,Activo
VAG5OQKR0W,Arco Ni-Ti 17x25 Inferior,Materiales de Ortodoncia,Alfa Dental,0.0,0,,Activo
W2UAG8FVBE,Arco Ni-Ti 17x25 Superior,Materiales de Ortodoncia,Alfa Dental,0.0,0,,Activo
YGTWGDE6WH,Arco Ni-Ti 018 Inferior,Materiales de Ortodoncia,3M,0.0,0,,Activo
ZLUKMCHAUU,Arco Ni-Ti 018 Superior,Materiales de Ortodoncia,3M,0.0,0,,Activo
4LAWCSCSNA,Arco Ni-Ti 18x22 Inferior,Materiales de Ortodoncia,3M,0.0,0,,Activo
MNZCMJ2KGL,Arco Ni-Ti 18x22 superior,Materiales de Ortodoncia,3M,0.0,0,,Activo
UZZIFJOH0K,Arco Ni-Ti 18x25 Inferior,Materiales de Ortodoncia,3M,0.0,0,,Activo
DIXS14GV4T,Arco Ni-Ti 18x25 Superior,Materiales de Ortodoncia,3M,0.0,0,,Activo
F2PB7XZT2N,Arco Ni-Ti 19x25 Inferior,Materiales de Ortodoncia,3M,0.0,0,,Activo
GKYFH3PXJC,Arco Ni-Ti 19x25 Superior,Materiales de Ortodoncia,3M,0.0,0,,Activo
4XNSGMNUTK,Arco Ni-Ti 020 Inferior,Materiales de Ortodoncia,3M,0.0,0,,Activo
O4DFB53OP7,Arco Ni-Ti 020 Superior,Materiales de Ortodoncia,3M,0.0,0,,Activo
WFDTVXEQWL,Arco Ni-Ti 21x25 Superior,Materiales de Ortodoncia,Alfa Dental,0.0,0,,Activo
1HAS4JTY0E,Arco Ni-Ti curva reversa 012 inf.,Materiales de Ortodoncia,3M,0.0,0,,Activo
TX0SPURPAV,Arco Ni-Ti curva reversa 012 sup.,Materiales de Ortodoncia,3M,0.0,0,,Activo
6CQRT8FTSQ,Arco Ni-Ti curva reversa 014 inf.,Materiales de Ortodoncia,3M,0.0,0,,Activo
EHFEF4KCED,Arco Ni-Ti curva reversa 014 sup.,Materiales de Ortodoncia,3M,0.0,0,,Activo
PAJ9IOF1X5,Arco Ni-Ti curva reversa 016 inf.,Materiales de Ortodoncia,3M,0.0,0,,Activo
WENMWD0L9K,Arco Ni-Ti curva reversa 016 sup.,Materiales de Ortodoncia,3M,0.0,0,,Activo
0SVXFHAX61,Arco Ni-Ti curva reversa 018 inf.,Materiales de Ortodoncia,3M,0.0,0,,Activo
MSQWNCJ7DZ,Arco Ni-Ti curva reversa 018 sup.,Materiales de Ortodoncia,3M,0.0,0,,Activo
WT0GVHMQ9H,"Arco Orthometric Contornado 19x25, 1 sup. y 1 inf.",Materiales de Ortodoncia,3M,0.0,0,,Activo
EDQOEBYZRM,"Arco Orthometric Flexi 19x25, 1 sup. y 1 inf.",Materiales de Ortodoncia,3M,0.0,0,,Activo
VSLHZMWKBO,"Arco Orthometric Flexi Niti Cooper 014 ALX, 1 sup. y 1 inf.",Materiales de Ortodoncia,3M,0.0,0,,Activo
PYAMXUGR6E,"Arco Orthometric Flexi Termal 14x25, 1 sup. y 1 inf.",Materiales de Ortodoncia,3M,0.0,0,,Activo
PCKSAGHGPW,"Arco Orthometric Flexi Termal 17x25, 1 sup. y 1 inf.",Materiales de Ortodoncia,3M,0.0,0,,Activo
ALFJGLWIOB,"Arco Orthometric Termal 018, 1 sup. y 1 inf.",Materiales de Ortodoncia,3M,0.0,0,,Activo
533MTGAZYE,Arco trenzado 17x25 Superior,Materiales de Ortodoncia,3M,0.0,0,,Activo
DT1NAE2E0R,Arco trenzado 19x25 Superior,Materiales de Ortodoncia,3M,0.0,0,,Activo
KBGMPCE1SB,Banda 29+,Materiales de Ortodoncia,3M,0.0,0,,Activo
FACWAFKMNA,Banda 30,Materiales de Ortodoncia,3M,0.0,0,,Activo
OE4BC8S4CI,Banda 31+,Materiales de Ortodoncia,3M,0.0,0,,Activo
X25DUCATYP,Banda 33,Materiales de Ortodoncia,3M,0.0,0,,Activo
TUCMY732Y7,Banda 33+,Materiales de Ortodoncia,3M,0.0,0,,Activo
5BDVYE1RTS,Banda 34,Materiales de Ortodoncia,3M,0.0,0,,Activo
9FOWEREXOX,Banda 34+,Materiales de Ortodoncia,3M,0.0,0,,Activo
DB1JF2FEXU,Banda 35,Materiales de Ortodoncia,3M,0.0,0,,Activo
F6YIOL2PYJ,Banda 35+,Materiales de Ortodoncia,3M,0.0,0,,Activo
BWFAEFCYXW,Banda 36,Materiales de Ortodoncia,3M,0.0,0,,Activo
S61X1KQVNU,Banda 36+,Materiales de Ortodoncia,3M,0.0,0,,Activo
K8P9UEXQN9,Banda 37,Materiales de Ortodoncia,3M,0.0,0,,Activo
JECOJWNLA8,Banda 38+,Materiales de Ortodoncia,3M,0.0,0,,Activo
Q0CKLDPU5P,Banda 43,Materiales de Ortodoncia,3M,0.0,0,,Activo
TK4QNWFLKB,Banda 43+,Materiales de Ortodoncia,3M,0.0,0,,Activo
SXIKWCCWEG,Botones Linguales,Materiales de Ortodoncia,Alfa Dental,0.0,0,,Activo
QQRDRYYBCA,Bracket AutoIigables Acuña,Materiales de Ortodoncia,Coltene,0.0,0,,Activo
SWBHM7WUBX,Bracket Autoligados,Materiales de Ortodoncia,Cositen,0.0,0,,Activo
VZ1IPSFIYJ,Cadeneta Azul,Materiales de Ortodoncia,3M,0.0,0,,Activo
U60GDY0VRF,Cadeneta Celeste,Materiales de Ortodoncia,3M,0.0,0,,Activo
QVKHRZYQG9,Cadeneta Gris,Materiales de Ortodoncia,3M,0.0,0,,Activo
MWB9OCPMF0,Cadeneta Morada,Materiales de Ortodoncia,3M,0.0,0,,Activo
N8U0MZWTY0,Cadeneta Negra,Materiales de Ortodoncia,3M,0.0,0,,Activo
XAHMV9PRZI,Cadeneta Roja,Materiales de Ortodoncia,3M,0.0,0,,Activo
0ARI0C3MAW,Cadeneta Rosada,Materiales de Ortodoncia,3M,0.0,0,,Activo
W4DZFDYBE9,Cadeneta Transparente,Materiales de Ortodoncia,3M,0.0,0,,Activo
6AOYJTUNVH,Cemento Ortodoncia Orthocem,Materiales de Ortodoncia,FGM,0.0,0,,Activo
SNCNZBI1KT,Cepillo Interdental,Materiales de Ortodoncia,3M,0.0,0,,Activo
3YRV1SQ2VO,Close Spring 0.12 12mm,Materiales de Ortodoncia,3M,0.0,0,,Activo
XJJNA7ZSGG,Close Spring 012 9mm,Materiales de Ortodoncia,3M,0.0,0,,Activo
8USOLKKYN1,Close Spring 014 9mm,Materiales de Ortodoncia,3M,0.0,0,,Activo
TEGEKCXN6G,Elasticos 1/4 3.5oz,Materiales de Ortodoncia,3M,0.0,0,,Activo
WDK56NRU4I,Elasticos 1/8 4.5oz,Materiales de Ortodoncia,3M,0.0,0,,Activo
T0JQO7TZLB,Elasticos 3/16 3.5oz,Materiales de Ortodoncia,3M,0.0,0,,Activo
39GZ4GXOPE,Elasticos 3/16 6.5oz,Materiales de Ortodoncia,3M,0.0,0,,Activo
RQ5HW1WGNS,Expansor Borboleta,Materiales de Ortodoncia,3M,0.0,0,,Activo
Z2BCZOTIHZ,Expansor Palatino,Materiales de Ortodoncia,3M,0.0,0,,Activo
S82MNWEE3G,Gurin Derecho,Materiales de Ortodoncia,3M,0.0,0,,Activo
YYGEAX0CHN,Gurin Izquierdo,Materiales de Ortodoncia,3M,0.0,0,,Activo
9ZYGCJCQG5,Hilo Dental,Materiales de Ortodoncia,3M,0.0,0,,Activo
HYECPVOESV,Hook Ortodoncia,Materiales de Ortodoncia,3M,0.0,0,,Activo
C4DGYXQOK1,Ligadura Amarilla,Materiales de Ortodoncia,3M,0.0,0,,Activo
CZZ3OYEQSD,Ligadura Azul,Materiales de Ortodoncia,3M,0.0,0,,Activo
KTLNUG1VBA,Ligadura Bastones,Materiales de Ortodoncia,3M,0.0,0,,Activo
SN4D5TSLP6,Ligadura Celeste,Materiales de Ortodoncia,3M,0.0,0,,Activo
ISP3TIJ2PO,Ligadura Dorada,Materiales de Ortodoncia,3M,0.0,0,,Activo
RIRF3FCJC4,Ligadura Fucsia,Materiales de Ortodoncia,3M,0.0,0,,Activo
PQKEN4KX5K,Ligadura Gris,Materiales de Ortodoncia,3M,0.0,0,,Activo
RPJYVIFDBH,Ligadura Morada,Materiales de Ortodoncia,3M,0.0,0,,Activo
AS3D4JBTEQ,Ligadura Naranja,Materiales de Ortodoncia,3M,0.0,0,,Activo
NCQN3EBBFB,Ligadura Negra,Materiales de Ortodoncia,3M,0.0,0,,Activo
2QBERH2HIC,Ligadura Roja,Materiales de Ortodoncia,3M,0.0,0,,Activo
RCEQEIJS4Z,Ligadura Rosada,Materiales de Ortodoncia,3M,0.0,0,,Activo
YWDOHZMRXA,Ligadura Transparente,Materiales de Ortodoncia,3M,0.0,0,,Activo
CTWU7UECLD,Ligadura Verde,Materiales de Ortodoncia,3M,0.0,0,,Activo
J3BWX1SXPO,Open Spring 010,Materiales de Ortodoncia,3M,0.0,0,,Activo
16KM7ZGAZ9,Open Spring 012,Materiales de Ortodoncia,3M,0.0,0,,Activo
ILDACOVRLG,Open Spring 014,Materiales de Ortodoncia,3M,0.0,0,,Activo
LXTR1L0DWM,Arco Thermoactivado 014 superior,Materiales de Ortodoncia,3M,0.0,0,,Activo
45603D03MZ,Arco Thermoactivado 016 inferior,Materiales de Ortodoncia,3M,0.0,0,,Activo
7E3MHCNCJC,Arco Thermoactivado 016 superior,Materiales de Ortodoncia,3M,0.0,0,,Activo
ID5TV0HBQG,Arco Thermoactivado 16x22 Inferior,Materiales de Ortodoncia,3M,0.0,0,,Activo
G9BJ1NTPZH,Arco Thermoactivado 16x22 Inferior Tappered Form,Materiales de Ortodoncia,3M,0.0,0,,Activo
S0M55TCULB,Arco Thermoactivado 16x22 Superior,Materiales de Ortodoncia,3M,0.0,0,,Activo
OOLQDNRGXU,Arco Thermoactivado 16x22 Superior Tappered Form,Materiales de Ortodoncia,3M,0.0,0,,Activo
PDRKHRJYPC,Arco Thermoactivado 018 Inferior,Materiales de Ortodoncia,3M,0.0,0,,Activo
K3KADTJBPL,Arco Thermoactivado 018 superior,Materiales de Ortodoncia,3M,0.0,0,,Activo
DWVHYEZVWS,Arco thermoactivado 18x22 inferior,Materiales de Ortodoncia,3M,0.0,0,,Activo
9UOKW6EXPS,Arco thermoactivado 18x22 superior,Materiales de Ortodoncia,3M,0.0,0,,Activo
62NCB3MNH1,Arco Thermoactivado 19x25 Inferior,Materiales de Ortodoncia,3M,0.0,0,,Activo
DJHGEZ0UPT,Arco Thermoactivado 19x25 Inferior Tappered Form,Materiales de Ortodoncia,3M,0.0,0,,Activo
AVBV9ZBIMZ,Arco Thermoactivado 19x25 Superior,Materiales de Ortodoncia,3M,0.0,0,,Activo
FPH9CYONO3,Arco Thermoactivado 19x25 superior Tappered Form,Materiales de Ortodoncia,3M,0.0,0,,Activo
BL9VOLU3V4,Arco Thermoactivado 20x20 Inferior,Materiales de Ortodoncia,3M,0.0,0,,Activo
POCUEZFHSV,Arco Thermoactivado 20x20 superior,Materiales de Ortodoncia,3M,0.0,0,,Activo
KVZOVELI5K,Arco Thermoactivado 21x25 Inferior,Materiales de Ortodoncia,3M,0.0,0,,Activo
FMTAISX8DE,Arco Thermoactivado 21x25 Superior,Materiales de Ortodoncia,3M,0.0,0,,Activo
RQX3TL45DN,Banda Matriz Molar,Materiales de Ortodoncia,Maquira,0.0,0,,Activo
SI0FKZXERS,Banda Matriz Pre-Molar,Materiales de Ortodoncia,Maquira,0.0,0,,Activo
VKNCSQVSRP,Bracket Ceramico,Materiales de Ortodoncia,3M,0.0,0,,Activo
JATZW0UJVZ,Bracket MBT,Materiales de Ortodoncia,3M,0.0,0,,Activo
U8GRTLPMLL,Acetato 1.5 Invisaling,Materiales de protesis,Blossom,0.0,0,,Activo
9LCLRZFTAV,Acondicionador de tejidos,Materiales de protesis,3M,0.0,0,,Activo
64PNZRP6A0,Alginato Cromatico,Materiales de protesis,Cositen,0.0,0,,Activo
HEFGOEL1QP,Alginato Ortodoncia,Materiales de protesis,Coltene,0.0,0,,Activo
UMOUZZ7AAZ,Cubetas descartables bite tray,Materiales de protesis,3M,0.0,0,,Activo
QPDZHAELHF,Hilo Retractor 1,Materiales de protesis,3M,0.0,0,,Activo
IVJLCU9SSO,Hilo Retractor 2,Materiales de protesis,3M,0.0,0,,Activo
ECRPYMG0AI,Hilo Retractor 3,Materiales de protesis,3M,0.0,0,,Activo
L7XHWHGOBV,Lamina Acetato 1.0 Hard,Materiales de protesis,Alfa Dental,0.0,0,,Activo
LF4EEKGO8C,Lamina Acetato Flexible 2.0,Materiales de protesis,Alfa Dental,0.0,0,,Activo
9Z8JZNPKP1,Lamina Acetato Flexible 3.0,Materiales de protesis,Alfa Dental,0.0,0,,Activo
DSYUDB3LFW,Lamina de Acetato 1.0 Soft,Materiales de protesis,3M,0.0,0,,Activo
EZUWOIDKKX,Lamina de Acetato 1.5 mm Hard,Materiales de protesis,3M,0.0,0,,Activo
PFCXBCQNHM,Lamina de Acetato 1.5 Soft,Materiales de protesis,3M,0.0,0,,Activo
XHJTJPUG9K,Lamina de cera,Materiales de protesis,3M,0.0,0,,Activo
KFTZ42SZQM,Acido Gel Fluorhidrico,Materiales De Restauracion,Maquira,0.0,0,,Activo
7BXXEUSWPQ,Acido Gel Fosforico,Materiales De Restauracion,Maquira,2.44,0,,Activo
XNSFVHRQC3,Adhesivo,Materiales De Restauracion,Dent Kist,0.0,0,,Activo
KQRPCCHUVH,Adhesivo 3M,Materiales De Restauracion,3M,0.0,0,,Activo
NSECSR1VOR,Adhesivo One Core,Materiales De Restauracion,Coltene,0.0,0,,Activo
IAT5PEKYQQ,Anillo con regla,Materiales De Restauracion,3M,0.0,0,,Activo
3O0Q7ZWGC0,Benzocaina en gel al 7.5%,Materiales De Restauracion,3M,0.0,0,,Activo
Q7D8AESVRD,Cavex Cemento Temporal,Materiales De Restauracion,3M,0.0,0,,Activo
92IQ0L3JPB,Cemento Corona Nexus NX3,Materiales De Restauracion,3M,0.0,0,,Activo
YL04IQJZNI,Cemento Daul A1,Materiales De Restauracion,Maquira,0.0,0,,Activo
AXI8SYYCMQ,Cemento dua Allcem,Materiales De Restauracion,Allcem core,0.0,0,,Activo
D0H3A5OFBA,Cemento Dual A2,Materiales De Restauracion,Maquira,0.0,0,,Activo
CHQPM6SBH8,Cemento Dual A3,Materiales De Restauracion,Maquira,0.0,0,,Activo
T1RJ6HSODZ,Cemento Dual T,Materiales De Restauracion,Maquira,0.0,0,,Activo
TOHRYMCWEI,Cepillo para Pulido,Materiales De Restauracion,3M,0.0,0,,Activo
BEVOZGX7P2,Chemfil Kromoglass,Materiales De Restauracion,Vital,0.0,0,,Activo
IYT1VINGLC,Composite A3D Harmonize,Materiales De Restauracion,Harmonize,0.0,0,,Activo
XBLY7NWVEV,Composite A1 Z-250,Materiales De Restauracion,3M,0.0,0,,Activo
RSYVEXAHKH,Composite A2 Z-250,Materiales De Restauracion,3M,0.0,0,,Activo
LUWXDSX8NA,Composite A2 Charmfil,Materiales De Restauracion,Dent Kist,0.0,0,,Activo
SZ9V3OMQFC,Composite A2E Harmonize,Materiales De Restauracion,Harmonize,0.0,0,,Activo
LCARVKO1B0,Composite A3 Z-250,Materiales De Restauracion,3M,0.0,0,,Activo
4FSD5U8502,Composite A3.5 Z-250,Materiales De Restauracion,3M,0.0,0,,Activo
V2CSAAPU46,Composite A3.5D Harmonize,Materiales De Restauracion,Harmonize,0.0,0,,Activo
FV9BHKPIME,Composite A3E Harmonize,Materiales De Restauracion,Harmonize,0.0,0,,Activo
NCUKE0GXOG,Composite B2 Z-250,Materiales De Restauracion,3M,0.0,0,,Activo
TZ49APLY2Z,Composite Opallis DA2,Materiales De Restauracion,Opallis,0.0,0,,Activo
VICYASRMV2,Composite Opallis EA2,Materiales De Restauracion,Opallis,0.0,0,,Activo
NWNPRTCOEE,Composite Opallis EA3,Materiales De Restauracion,Opallis,0.0,0,,Activo
JURQIBZBRL,Composite Opallis DA3,Materiales De Restauracion,Opallis,0.0,0,,Activo
MZBNLCBWAU,Composite Opallis EA3.5,Materiales De Restauracion,Opallis,0.0,0,,Activo
VJQNUBWXLB,Composite Opallis T neutral,Materiales De Restauracion,Opallis,0.0,0,,Activo
WKT6KXIZFB,Composite Spectra Basic Sirona A3,Materiales De Restauracion,Denstly,0.0,0,,Activo
IBV10FUCWZ,Composite Spectra Basic Sirona B1,Materiales De Restauracion,Sirona,0.0,0,,Activo
KLYUKT1SLQ,Composite Spectra Basic Sirona C2,Materiales De Restauracion,Sirona,0.0,0,,Activo
DBM369G0DR,Composite Z250 A1,Materiales De Restauracion,3M,0.0,0,,Activo
OOHMXYMLPB,Composite Z250 A2,Materiales De Restauracion,3M,0.0,0,,Activo
750KEXL01U,Composite Z250 A3,Materiales De Restauracion,3M,0.0,0,,Activo
LSH0QHIR8U,Composite Z250 A3.5,Materiales De Restauracion,3M,0.0,0,,Activo
XO16ZMILWY,Composite Z250 B2,Materiales De Restauracion,3M,0.0,0,,Activo
OHBV5MZEQI,Composite Zirconio A2E,Materiales De Restauracion,3M,0.0,0,,Activo
NORKTFKEEE,Cotton Roll Clip,Materiales De Restauracion,3M,0.0,0,,Activo
EGJ9DFY7RX,Cuña de Madera,Materiales De Restauracion,3M,0.0,0,,Activo
YYXUHIVZJ5,Dicalero,Materiales De Restauracion,3M,0.0,0,,Activo
SAUR5D8YMO,Disco de Fieltro,Materiales De Restauracion,3M,0.0,0,,Activo
OFS9XWLAPN,Disco de Goma,Materiales De Restauracion,3M,0.0,0,,Activo
SZTSQKRTEA,Disco de Tela,Materiales De Restauracion,3M,0.0,0,,Activo
WGHGCS2QNG,Disco Laminado Pulido,Materiales De Restauracion,3M,0.0,0,,Activo
9A6OAI7YNH,Disco Soflex,Materiales De Restauracion,3M,0.0,0,,Activo
T1RHGRAOQQ,Encendedor,Materiales De Restauracion,3M,0.0,0,,Activo
HLDVNPPHIL,Escobilla para profilaxis,Materiales De Restauracion,3M,0.0,0,,Activo
Z6SXE9YIQI,Espatula De cemento,Materiales De Restauracion,3M,0.0,0,,Activo
OSWSAVIMEC,Espatula Silicona Plastica,Materiales De Restauracion,3M,0.0,0,,Activo
MQJNQ8RNBV,Esponja Hemostatica,Materiales De Restauracion,3M,0.0,0,,Activo
YQZKO7UL9H,Eucaliptol,Materiales De Restauracion,3M,0.0,0,,Activo
BZ3RUUWENP,Eugenol,Materiales De Restauracion,3M,0.0,0,,Activo
O1L7FK4GTW,Eugenol Alfa,Materiales De Restauracion,3M,0.0,0,,Activo
ZIVNWWWR9H,Fermin,Materiales De Restauracion,Detax,0.0,0,,Activo
IVOE5W2F8P,Fermin Premium Temp,Materiales De Restauracion,Detax,0.0,0,,Activo
HRDGGUBYPF,Flow A1,Materiales De Restauracion,3M,0.0,0,,Activo
HMBY5IEDPC,Flow A1 Charmfil,Materiales De Restauracion,3M,0.0,0,,Activo
YFV7ISWU9M,Flow A2,Materiales De Restauracion,3M,0.0,0,,Activo
F1OAPJM3UE,Flow A2 Charmfil,Materiales De Restauracion,3M,0.0,0,,Activo
H1D1T3RWAR,Flow A2 Maquira,Materiales De Restauracion,3M,0.0,0,,Activo
ZNOGUEMTXU,Flow A3,Materiales De Restauracion,3M,0.0,0,,Activo
HWDORLZ7ZD,Flow A3.5,Materiales De Restauracion,3M,0.0,0,,Activo
M0T5O9AIMF,Flow Tip,Materiales De Restauracion,3M,0.0,0,,Activo
PQEGXOYTVJ,Flow UO Charmfil,Materiales De Restauracion,3M,0.0,0,,Activo
BC0ATEDFQX,Fluor Barniz,Materiales De Restauracion,3M,0.0,0,,Activo
0JCJ4ZAOWQ,FORMA A2E,Materiales De Restauracion,3M,0.0,0,,Activo
OFRNGZNXUY,Forma OPaquer,Materiales De Restauracion,3M,0.0,0,,Activo
OL4S8MDXPN,Gelita,Materiales De Restauracion,Maquira,0.0,0,,Activo
KASWAYT9XZ,Harmoize Clear,Materiales De Restauracion,3M,0.0,0,,Activo
TOEPXYP8Z6,Harmonize A1D,Materiales De Restauracion,3M,0.0,0,,Activo
AUHLBWUPJF,Harmonize A1E,Materiales De Restauracion,3M,0.0,0,,Activo
Y7BLBMOCD4,Hemostatico,Materiales De Restauracion,Maquira,0.0,0,,Activo
Z1OBCU7F0J,Hidroxido De Calcio,Materiales De Restauracion,Alfa Dental,0.0,0,,Activo
FJ1IERQMSZ,Hilo Retractor 000,Materiales De Restauracion,3M,0.0,0,,Activo
QNPJSYSSQF,Liner,Materiales De Restauracion,3M,0.0,0,,Activo
9SUMKSXUHS,Liquido Moldeador VIta,Materiales De Restauracion,3M,0.0,0,,Activo
LPGPQTPFGE,Mango para disco Soflex,Materiales De Restauracion,3M,0.0,0,,Activo
FKL3OR6NEG,Meron,Materiales De Restauracion,3M,0.0,0,,Activo
16NEBXP3F7,Meron Kromoglass,Materiales De Restauracion,Vital,0.0,0,,Activo
LQ06V6U5OC,Mouth pieces,Materiales De Restauracion,3M,0.0,0,,Activo
AW1HZFMP5R,Óxido de aluminio,Materiales De Restauracion,3M,0.0,0,,Activo
7QE2S3CVPY,Oxido De Zinc,Materiales De Restauracion,3M,0.0,0,,Activo
OCIPAB4SHI,Palfique A2,Materiales De Restauracion,3M,0.0,0,,Activo
OJPNNLO3GJ,Palfique AO3,Materiales De Restauracion,3M,0.0,0,,Activo
W6KUPROZMS,Papel Articular arcada completa,Materiales De Restauracion,3M,0.0,0,,Activo
NXAIMZCCB4,Papel Articular en tira,Materiales De Restauracion,3M,0.0,0,,Activo
JQMJZFKCJB,Pasta Diamantada Para Pulir,Materiales De Restauracion,3M,0.0,0,,Activo
EOCSGJVT15,Piedra de Arkansa,Materiales De Restauracion,3M,0.0,0,,Activo
