sku,sucursal,stock_actual,ubicacion_bodega
188ZCMUWOS,Serrano,0,Estante A1
188ZCMUWOS,Norte-Salud,0,Estante B1
188ZCMUWOS,Calama,0,Estante C1
DGNOYADL5V,Serrano,0,Estante A1
DGNOYADL5V,Norte-Salud,0,Estante B1
DGNOYADL5V,Calama,0,Estante C1
JCMZL3XUNK,Serrano,0,Estante A1
JCMZL3XUNK,Norte-Salud,0,Estante B1
JCMZL3XUNK,Calama,0,Estante C1
9TDAKE04HS,Serrano,0,Estante A1
9TDAKE04HS,Norte-Salud,0,Estante B1
9TDAKE04HS,Calama,0,Estante C1
PMP5ICE9CR,Serrano,0,Estante A1
PMP5ICE9CR,Norte-Salud,0,Estante B1
PMP5ICE9CR,Calama,0,Estante C1
BME0CCEIKJ,Serrano,0,Estante A1
BME0CCEIKJ,Norte-Salud,0,Estante B1
BME0CCEIKJ,Calama,0,Estante C1
UZTXVLWIJA,Serrano,0,Estante A1
UZTXVLWIJA,Norte-Salud,0,Estante B1
UZTXVLWIJA,Calama,0,Estante C1
GW3XJH5TC3,Serrano,0,Estante A1
GW3XJH5TC3,Norte-Salud,0,Estante B1
GW3XJH5TC3,Calama,0,Estante C1
Z9OPCDWP4A,Serrano,0,Estante A1
Z9OPCDWP4A,Norte-Salud,0,Estante B1
Z9OPCDWP4A,Calama,0,Estante C1
IINQE0CDB6,Serrano,0,Estante A1
IINQE0CDB6,Norte-Salud,0,Estante B1
IINQE0CDB6,Calama,0,Estante C1
G0G751WQFI,Serrano,0,Estante A1
G0G751WQFI,Norte-Salud,0,Estante B1
G0G751WQFI,Calama,0,Estante C1
28MNCPZVSI,Serrano,0,Estante A1
28MNCPZVSI,Norte-Salud,0,Estante B1
28MNCPZVSI,Calama,0,Estante C1
ISGP7YYN5E,Serrano,0,Estante A1
ISGP7YYN5E,Norte-Salud,0,Estante B1
ISGP7YYN5E,Calama,0,Estante C1
RJ8IF5UC49,Serrano,0,Estante A1
RJ8IF5UC49,Norte-Salud,0,Estante B1
RJ8IF5UC49,Calama,0,Estante C1
AY35JXRO9P,Serrano,0,Estante A1
AY35JXRO9P,Norte-Salud,0,Estante B1
AY35JXRO9P,Calama,0,Estante C1
VEXZRXSCCR,Serrano,0,Estante A1
VEXZRXSCCR,Norte-Salud,0,Estante B1
VEXZRXSCCR,Calama,0,Estante C1
Z593ERRTG8,Serrano,0,Estante A1
Z593ERRTG8,Norte-Salud,0,Estante B1
Z593ERRTG8,Calama,0,Estante C1
YGMPXTH044,Serrano,0,Estante A1
YGMPXTH044,Norte-Salud,0,Estante B1
YGMPXTH044,Calama,0,Estante C1
IHLGY3HAEK,Serrano,0,Estante A1
IHLGY3HAEK,Norte-Salud,0,Estante B1
IHLGY3HAEK,Calama,0,Estante C1
JZEZCP82OP,Serrano,0,Estante A1
JZEZCP82OP,Norte-Salud,0,Estante B1
JZEZCP82OP,Calama,0,Estante C1
DFN7QPLN0X,Serrano,0,Estante A1
DFN7QPLN0X,Norte-Salud,0,Estante B1
DFN7QPLN0X,Calama,0,Estante C1
0RFSHSO38M,Serrano,0,Estante A1
0RFSHSO38M,Norte-Salud,0,Estante B1
0RFSHSO38M,Calama,0,Estante C1
SCVGSKXEZF,Serrano,0,Estante A1
SCVGSKXEZF,Norte-Salud,0,Estante B1
SCVGSKXEZF,Calama,0,Estante C1
MBD7SJIXE8,Serrano,0,Estante A1
MBD7SJIXE8,Norte-Salud,0,Estante B1
MBD7SJIXE8,Calama,0,Estante C1
IOPH6WEZNK,Serrano,0,Estante A1
IOPH6WEZNK,Norte-Salud,0,Estante B1
IOPH6WEZNK,Calama,0,Estante C1
878Z6B8UXE,Serrano,0,Estante A1
878Z6B8UXE,Norte-Salud,0,Estante B1
878Z6B8UXE,Calama,0,Estante C1
9NGSOXS2GT,Serrano,0,Estante A1
9NGSOXS2GT,Norte-Salud,0,Estante B1
9NGSOXS2GT,Calama,0,Estante C1
T4OBYHKOIM,Serrano,0,Estante A1
T4OBYHKOIM,Norte-Salud,0,Estante B1
T4OBYHKOIM,Calama,0,Estante C1
PAQ8U8DCO6,Serrano,0,Estante A1
PAQ8U8DCO6,Norte-Salud,0,Estante B1
PAQ8U8DCO6,Calama,0,Estante C1
VIH0Q5MEFW,Serrano,0,Estante A1
VIH0Q5MEFW,Norte-Salud,0,Estante B1
VIH0Q5MEFW,Calama,0,Estante C1
J70KUTVFZN,Serrano,0,Estante A1
J70KUTVFZN,Norte-Salud,0,Estante B1
J70KUTVFZN,Calama,0,Estante C1
70G3MYKLEI,Serrano,0,Estante A1
70G3MYKLEI,Norte-Salud,0,Estante B1
70G3MYKLEI,Calama,0,Estante C1
MBWXEWR6MN,Serrano,0,Estante A1
MBWXEWR6MN,Norte-Salud,0,Estante B1
MBWXEWR6MN,Calama,0,Estante C1
QLEWFAPWRS,Serrano,0,Estante A1
QLEWFAPWRS,Norte-Salud,0,Estante B1
QLEWFAPWRS,Calama,0,Estante C1
3CR1XBWJKB,Serrano,0,Estante A1
3CR1XBWJKB,Norte-Salud,0,Estante B1
3CR1XBWJKB,Calama,0,Estante C1
OG2XF1Y2MG,Serrano,0,Estante A1
OG2XF1Y2MG,Norte-Salud,0,Estante B1
OG2XF1Y2MG,Calama,0,Estante C1
6OYVQD53FL,Serrano,0,Estante A1
6OYVQD53FL,Norte-Salud,0,Estante B1
6OYVQD53FL,Calama,0,Estante C1
G341W58IRY,Serrano,0,Estante A1
G341W58IRY,Norte-Salud,0,Estante B1
G341W58IRY,Calama,0,Estante C1
BSC8QCTL7C,Serrano,0,Estante A1
BSC8QCTL7C,Norte-Salud,0,Estante B1
BSC8QCTL7C,Calama,0,Estante C1
ZOKC9LT5QX,Serrano,0,Estante A1
ZOKC9LT5QX,Norte-Salud,0,Estante B1
ZOKC9LT5QX,Calama,0,Estante C1
844ZE6DEQJ,Serrano,0,Estante A1
844ZE6DEQJ,Norte-Salud,0,Estante B1
844ZE6DEQJ,Calama,0,Estante C1
WIDIXG3A2N,Serrano,0,Estante A1
WIDIXG3A2N,Norte-Salud,0,Estante B1
WIDIXG3A2N,Calama,0,Estante C1
89QNH3YOM7,Serrano,0,Estante A1
89QNH3YOM7,Norte-Salud,0,Estante B1
89QNH3YOM7,Calama,0,Estante C1
5ELMGKVLK6,Serrano,0,Estante A1
5ELMGKVLK6,Norte-Salud,0,Estante B1
5ELMGKVLK6,Calama,0,Estante C1
83EHGI5KVJ,Serrano,0,Estante A1
83EHGI5KVJ,Norte-Salud,0,Estante B1
83EHGI5KVJ,Calama,0,Estante C1
0S5W6FHMCN,Serrano,0,Estante A1
0S5W6FHMCN,Norte-Salud,0,Estante B1
0S5W6FHMCN,Calama,0,Estante C1
XSEA1E5M2P,Serrano,0,Estante A1
XSEA1E5M2P,Norte-Salud,0,Estante B1
XSEA1E5M2P,Calama,0,Estante C1
6USBWZTZMV,Serrano,0,Estante A1
6USBWZTZMV,Norte-Salud,0,Estante B1
6USBWZTZMV,Calama,0,Estante C1
5L9JNGYKPA,Serrano,0,Estante A1
5L9JNGYKPA,Norte-Salud,0,Estante B1
5L9JNGYKPA,Calama,0,Estante C1
K6NCVEHCUP,Serrano,0,Estante A1
K6NCVEHCUP,Norte-Salud,0,Estante B1
K6NCVEHCUP,Calama,0,Estante C1
PK4YKGQYL0,Serrano,0,Estante A1
PK4YKGQYL0,Norte-Salud,0,Estante B1
PK4YKGQYL0,Calama,0,Estante C1
N5GDIPNVIU,Serrano,0,Estante A1
N5GDIPNVIU,Norte-Salud,0,Estante B1
N5GDIPNVIU,Calama,0,Estante C1
CFDRQOZXVN,Serrano,0,Estante A1
CFDRQOZXVN,Norte-Salud,0,Estante B1
CFDRQOZXVN,Calama,0,Estante C1
RVE75QLGEW,Serrano,0,Estante A1
RVE75QLGEW,Norte-Salud,0,Estante B1
RVE75QLGEW,Calama,0,Estante C1
XF3NJQQVRV,Serrano,0,Estante A1
XF3NJQQVRV,Norte-Salud,0,Estante B1
XF3NJQQVRV,Calama,0,Estante C1
T17QSQ2U6A,Serrano,0,Estante A1
T17QSQ2U6A,Norte-Salud,0,Estante B1
T17QSQ2U6A,Calama,0,Estante C1
COBUQY43DQ,Serrano,0,Estante A1
COBUQY43DQ,Norte-Salud,0,Estante B1
COBUQY43DQ,Calama,0,Estante C1
ZQWDVP6PT0,Serrano,0,Estante A1
ZQWDVP6PT0,Norte-Salud,0,Estante B1
ZQWDVP6PT0,Calama,0,Estante C1
5ZGXXPIKEI,Serrano,0,Estante A1
5ZGXXPIKEI,Norte-Salud,0,Estante B1
5ZGXXPIKEI,Calama,0,Estante C1
1NLDCWHGQC,Serrano,0,Estante A1
1NLDCWHGQC,Norte-Salud,0,Estante B1
1NLDCWHGQC,Calama,0,Estante C1
KKKAI0HDJI,Serrano,0,Estante A1
KKKAI0HDJI,Norte-Salud,0,Estante B1
KKKAI0HDJI,Calama,0,Estante C1
1RST77OJQ1,Serrano,0,Estante A1
1RST77OJQ1,Norte-Salud,0,Estante B1
1RST77OJQ1,Calama,0,Estante C1
QB99NGL1WS,Serrano,0,Estante A1
QB99NGL1WS,Norte-Salud,0,Estante B1
QB99NGL1WS,Calama,0,Estante C1
0UYQLXJVXL,Serrano,0,Estante A1
0UYQLXJVXL,Norte-Salud,0,Estante B1
0UYQLXJVXL,Calama,0,Estante C1
TSHGCUSMIO,Serrano,0,Estante A1
TSHGCUSMIO,Norte-Salud,0,Estante B1
TSHGCUSMIO,Calama,0,Estante C1
MFPOU5JSIB,Serrano,0,Estante A1
MFPOU5JSIB,Norte-Salud,0,Estante B1
MFPOU5JSIB,Calama,0,Estante C1
ARDE53PPHS,Serrano,0,Estante A1
ARDE53PPHS,Norte-Salud,0,Estante B1
ARDE53PPHS,Calama,0,Estante C1
X31KID0SRZ,Serrano,0,Estante A1
X31KID0SRZ,Norte-Salud,0,Estante B1
X31KID0SRZ,Calama,0,Estante C1
LOXHVPSD3B,Serrano,0,Estante A1
LOXHVPSD3B,Norte-Salud,0,Estante B1
LOXHVPSD3B,Calama,0,Estante C1
AVXGSJBGB8,Serrano,0,Estante A1
AVXGSJBGB8,Norte-Salud,0,Estante B1
AVXGSJBGB8,Calama,0,Estante C1
XLVERE3ZUQ,Serrano,0,Estante A1
XLVERE3ZUQ,Norte-Salud,0,Estante B1
XLVERE3ZUQ,Calama,0,Estante C1
CVZTCMFWVO,Serrano,0,Estante A1
CVZTCMFWVO,Norte-Salud,0,Estante B1
CVZTCMFWVO,Calama,0,Estante C1
9FUYW2V0LF,Serrano,0,Estante A1
9FUYW2V0LF,Norte-Salud,0,Estante B1
9FUYW2V0LF,Calama,0,Estante C1
J464ZVCUWB,Serrano,0,Estante A1
J464ZVCUWB,Norte-Salud,0,Estante B1
J464ZVCUWB,Calama,0,Estante C1
BYQD08KBQP,Serrano,0,Estante A1
BYQD08KBQP,Norte-Salud,0,Estante B1
BYQD08KBQP,Calama,0,Estante C1
ZGJQ3N9PM6,Serrano,0,Estante A1
ZGJQ3N9PM6,Norte-Salud,0,Estante B1
ZGJQ3N9PM6,Calama,0,Estante C1
2R99XWF8BO,Serrano,0,Estante A1
2R99XWF8BO,Norte-Salud,0,Estante B1
2R99XWF8BO,Calama,0,Estante C1
HMLHVZD0TM,Serrano,0,Estante A1
HMLHVZD0TM,Norte-Salud,0,Estante B1
HMLHVZD0TM,Calama,0,Estante C1
YCOHEFEWLJ,Serrano,0,Estante A1
YCOHEFEWLJ,Norte-Salud,0,Estante B1
YCOHEFEWLJ,Calama,0,Estante C1
UKENDQEMHP,Serrano,0,Estante A1
UKENDQEMHP,Norte-Salud,0,Estante B1
UKENDQEMHP,Calama,0,Estante C1
VWCOILZS0I,Serrano,0,Estante A1
VWCOILZS0I,Norte-Salud,0,Estante B1
VWCOILZS0I,Calama,0,Estante C1
GWEKVV2M8P,Serrano,0,Estante A1
GWEKVV2M8P,Norte-Salud,0,Estante B1
GWEKVV2M8P,Calama,0,Estante C1
P1ZNB0QBXJ,Serrano,0,Estante A1
P1ZNB0QBXJ,Norte-Salud,0,Estante B1
P1ZNB0QBXJ,Calama,0,Estante C1
0UEVKGOGID,Serrano,0,Estante A1
0UEVKGOGID,Norte-Salud,0,Estante B1
0UEVKGOGID,Calama,0,Estante C1
WZENDEHM2M,Serrano,0,Estante A1
WZENDEHM2M,Norte-Salud,0,Estante B1
WZENDEHM2M,Calama,0,Estante C1
0N23ZS8S4R,Serrano,0,Estante A1
0N23ZS8S4R,Norte-Salud,0,Estante B1
0N23ZS8S4R,Calama,0,Estante C1
3EUNZJ0V6Z,Serrano,0,Estante A1
3EUNZJ0V6Z,Norte-Salud,0,Estante B1
3EUNZJ0V6Z,Calama,0,Estante C1
FFFRFEQXXR,Serrano,0,Estante A1
FFFRFEQXXR,Norte-Salud,0,Estante B1
FFFRFEQXXR,Calama,0,Estante C1
4JWTLOCYO6,Serrano,0,Estante A1
4JWTLOCYO6,Norte-Salud,0,Estante B1
4JWTLOCYO6,Calama,0,Estante C1
P6UVG4JFR7,Serrano,0,Estante A1
P6UVG4JFR7,Norte-Salud,0,Estante B1
P6UVG4JFR7,Calama,0,Estante C1
JTQQIR3ZKP,Serrano,0,Estante A1
JTQQIR3ZKP,Norte-Salud,0,Estante B1
JTQQIR3ZKP,Calama,0,Estante C1
SZMTXXCRTF,Serrano,0,Estante A1
SZMTXXCRTF,Norte-Salud,0,Estante B1
SZMTXXCRTF,Calama,0,Estante C1
ELM5C74XPD,Serrano,0,Estante A1
ELM5C74XPD,Norte-Salud,0,Estante B1
ELM5C74XPD,Calama,0,Estante C1
Q54CTJP6KY,Serrano,0,Estante A1
Q54CTJP6KY,Norte-Salud,0,Estante B1
Q54CTJP6KY,Calama,0,Estante C1
DDKYJLK9AU,Serrano,0,Estante A1
DDKYJLK9AU,Norte-Salud,0,Estante B1
DDKYJLK9AU,Calama,0,Estante C1
BUTEEYLBLT,Serrano,0,Estante A1
BUTEEYLBLT,Norte-Salud,0,Estante B1
BUTEEYLBLT,Calama,0,Estante C1
NSPLB3CWSG,Serrano,0,Estante A1
NSPLB3CWSG,Norte-Salud,0,Estante B1
NSPLB3CWSG,Calama,0,Estante C1
T7WLT5X3NM,Serrano,0,Estante A1
T7WLT5X3NM,Norte-Salud,0,Estante B1
T7WLT5X3NM,Calama,0,Estante C1
K9WLRAIDS4,Serrano,0,Estante A1
K9WLRAIDS4,Norte-Salud,0,Estante B1
K9WLRAIDS4,Calama,0,Estante C1
WEVWZRX0M1,Serrano,0,Estante A1
WEVWZRX0M1,Norte-Salud,0,Estante B1
WEVWZRX0M1,Calama,0,Estante C1
OKZ59Q7F4F,Serrano,0,Estante A1
OKZ59Q7F4F,Norte-Salud,0,Estante B1
OKZ59Q7F4F,Calama,0,Estante C1
WS7HHDB2UJ,Serrano,0,Estante A1
WS7HHDB2UJ,Norte-Salud,0,Estante B1
WS7HHDB2UJ,Calama,0,Estante C1
FAB2SY9CU9,Serrano,0,Estante A1
FAB2SY9CU9,Norte-Salud,0,Estante B1
FAB2SY9CU9,Calama,0,Estante C1
JZPXW8HRT4,Serrano,0,Estante A1
JZPXW8HRT4,Norte-Salud,0,Estante B1
JZPXW8HRT4,Calama,0,Estante C1
MJFSOLC9UJ,Serrano,0,Estante A1
MJFSOLC9UJ,Norte-Salud,0,Estante B1
MJFSOLC9UJ,Calama,0,Estante C1
HA6A9KFXGG,Serrano,0,Estante A1
HA6A9KFXGG,Norte-Salud,0,Estante B1
HA6A9KFXGG,Calama,0,Estante C1
1XOVXQ4JPM,Serrano,0,Estante A1
1XOVXQ4JPM,Norte-Salud,0,Estante B1
1XOVXQ4JPM,Calama,0,Estante C1
UGFNJVSPEH,Serrano,0,Estante A1
UGFNJVSPEH,Norte-Salud,0,Estante B1
UGFNJVSPEH,Calama,0,Estante C1
KUXSAAKSO4,Serrano,0,Estante A1
KUXSAAKSO4,Norte-Salud,0,Estante B1
KUXSAAKSO4,Calama,0,Estante C1
IDWDCYA24J,Serrano,0,Estante A1
IDWDCYA24J,Norte-Salud,0,Estante B1
IDWDCYA24J,Calama,0,Estante C1
JDQ5ASSWHO,Serrano,0,Estante A1
JDQ5ASSWHO,Norte-Salud,0,Estante B1
JDQ5ASSWHO,Calama,0,Estante C1
B4PAGLLCHT,Serrano,0,Estante A1
B4PAGLLCHT,Norte-Salud,0,Estante B1
B4PAGLLCHT,Calama,0,Estante C1
7WYEKJ1WMD,Serrano,0,Estante A1
7WYEKJ1WMD,Norte-Salud,0,Estante B1
7WYEKJ1WMD,Calama,0,Estante C1
BIX8MHZCRJ,Serrano,0,Estante A1
BIX8MHZCRJ,Norte-Salud,0,Estante B1
BIX8MHZCRJ,Calama,0,Estante C1
HSWHWECUFG,Serrano,0,Estante A1
HSWHWECUFG,Norte-Salud,0,Estante B1
HSWHWECUFG,Calama,0,Estante C1
HPZSGLWXSU,Serrano,0,Estante A1
HPZSGLWXSU,Norte-Salud,0,Estante B1
HPZSGLWXSU,Calama,0,Estante C1
T7FM3SZ2TS,Serrano,0,Estante A1
T7FM3SZ2TS,Norte-Salud,0,Estante B1
T7FM3SZ2TS,Calama,0,Estante C1
VAECWTMX1T,Serrano,0,Estante A1
VAECWTMX1T,Norte-Salud,0,Estante B1
VAECWTMX1T,Calama,0,Estante C1
RW4FHEVBZO,Serrano,0,Estante A1
RW4FHEVBZO,Norte-Salud,0,Estante B1
RW4FHEVBZO,Calama,0,Estante C1
DL6ZB9HI0I,Serrano,0,Estante A1
DL6ZB9HI0I,Norte-Salud,0,Estante B1
DL6ZB9HI0I,Calama,0,Estante C1
KHSIR82R22,Serrano,0,Estante A1
KHSIR82R22,Norte-Salud,0,Estante B1
KHSIR82R22,Calama,0,Estante C1
CCG3DDBQAR,Serrano,0,Estante A1
CCG3DDBQAR,Norte-Salud,0,Estante B1
CCG3DDBQAR,Calama,0,Estante C1
AKIPMEDN3H,Serrano,0,Estante A1
AKIPMEDN3H,Norte-Salud,0,Estante B1
AKIPMEDN3H,Calama,0,Estante C1
MLEXXLYQIA,Serrano,0,Estante A1
MLEXXLYQIA,Norte-Salud,0,Estante B1
MLEXXLYQIA,Calama,0,Estante C1
KIXJ3F5DK0,Serrano,0,Estante A1
KIXJ3F5DK0,Norte-Salud,0,Estante B1
KIXJ3F5DK0,Calama,0,Estante C1
I2O1E9VMCK,Serrano,0,Estante A1
I2O1E9VMCK,Norte-Salud,0,Estante B1
I2O1E9VMCK,Calama,0,Estante C1
EG5GFLKPOA,Serrano,0,Estante A1
EG5GFLKPOA,Norte-Salud,0,Estante B1
EG5GFLKPOA,Calama,0,Estante C1
Q54CTJP6KY,Serrano,0,Estante A1
Q54CTJP6KY,Norte-Salud,0,Estante B1
Q54CTJP6KY,Calama,0,Estante C1
32U2YOKXEU,Serrano,0,Estante A1
32U2YOKXEU,Norte-Salud,0,Estante B1
32U2YOKXEU,Calama,0,Estante C1
DISHZW1NDJ,Serrano,0,Estante A1
DISHZW1NDJ,Norte-Salud,0,Estante B1
DISHZW1NDJ,Calama,0,Estante C1
CAVWDMCUSI,Serrano,0,Estante A1
CAVWDMCUSI,Norte-Salud,0,Estante B1
CAVWDMCUSI,Calama,0,Estante C1
69HBKUCNMB,Serrano,0,Estante A1
69HBKUCNMB,Norte-Salud,0,Estante B1
69HBKUCNMB,Calama,0,Estante C1
IZOONAP8AT,Serrano,0,Estante A1
IZOONAP8AT,Norte-Salud,0,Estante B1
IZOONAP8AT,Calama,0,Estante C1
O6J4CCNSA7,Serrano,0,Estante A1
O6J4CCNSA7,Norte-Salud,0,Estante B1
O6J4CCNSA7,Calama,0,Estante C1
VHE3JE5M6X,Serrano,0,Estante A1
VHE3JE5M6X,Norte-Salud,0,Estante B1
VHE3JE5M6X,Calama,0,Estante C1
0PQPQ9LWT1,Serrano,0,Estante A1
0PQPQ9LWT1,Norte-Salud,0,Estante B1
0PQPQ9LWT1,Calama,0,Estante C1
AULL7O5JHQ,Serrano,0,Estante A1
AULL7O5JHQ,Norte-Salud,0,Estante B1
AULL7O5JHQ,Calama,0,Estante C1
C3DS7AWBU8,Serrano,0,Estante A1
C3DS7AWBU8,Norte-Salud,0,Estante B1
C3DS7AWBU8,Calama,0,Estante C1
ICRVKABDZ9,Serrano,0,Estante A1
ICRVKABDZ9,Norte-Salud,0,Estante B1
ICRVKABDZ9,Calama,0,Estante C1
EJIDFHMP32,Serrano,0,Estante A1
EJIDFHMP32,Norte-Salud,0,Estante B1
EJIDFHMP32,Calama,0,Estante C1
IWQV3GG7JQ,Serrano,0,Estante A1
IWQV3GG7JQ,Norte-Salud,0,Estante B1
IWQV3GG7JQ,Calama,0,Estante C1
2HWORO2VTH,Serrano,0,Estante A1
2HWORO2VTH,Norte-Salud,0,Estante B1
2HWORO2VTH,Calama,0,Estante C1
3XMWUHCM5I,Serrano,0,Estante A1
3XMWUHCM5I,Norte-Salud,0,Estante B1
3XMWUHCM5I,Calama,0,Estante C1
XESLT8K6SB,Serrano,0,Estante A1
XESLT8K6SB,Norte-Salud,0,Estante B1
XESLT8K6SB,Calama,0,Estante C1
G3JS1RIBGH,Serrano,0,Estante A1
G3JS1RIBGH,Norte-Salud,0,Estante B1
G3JS1RIBGH,Calama,0,Estante C1
YOKR6KRDZH,Serrano,0,Estante A1
YOKR6KRDZH,Norte-Salud,0,Estante B1
YOKR6KRDZH,Calama,0,Estante C1
HEMWFZVLF2,Serrano,0,Estante A1
HEMWFZVLF2,Norte-Salud,0,Estante B1
HEMWFZVLF2,Calama,0,Estante C1
HZLMUZUUCV,Serrano,0,Estante A1
HZLMUZUUCV,Norte-Salud,0,Estante B1
HZLMUZUUCV,Calama,0,Estante C1
TES2NN69OL,Serrano,0,Estante A1
TES2NN69OL,Norte-Salud,0,Estante B1
TES2NN69OL,Calama,0,Estante C1
LTG4JE4EIO,Serrano,0,Estante A1
LTG4JE4EIO,Norte-Salud,0,Estante B1
LTG4JE4EIO,Calama,0,Estante C1
VQXPAFXGEO,Serrano,0,Estante A1
VQXPAFXGEO,Norte-Salud,0,Estante B1
VQXPAFXGEO,Calama,0,Estante C1
CAKYNBEDMM,Serrano,0,Estante A1
CAKYNBEDMM,Norte-Salud,0,Estante B1
CAKYNBEDMM,Calama,0,Estante C1
446EM3LWLH,Serrano,0,Estante A1
446EM3LWLH,Norte-Salud,0,Estante B1
446EM3LWLH,Calama,0,Estante C1
TE0IMMFOUW,Serrano,0,Estante A1
TE0IMMFOUW,Norte-Salud,0,Estante B1
TE0IMMFOUW,Calama,0,Estante C1
GBCRDP2S21,Serrano,0,Estante A1
GBCRDP2S21,Norte-Salud,0,Estante B1
GBCRDP2S21,Calama,0,Estante C1
4TCAFBP24U,Serrano,0,Estante A1
4TCAFBP24U,Norte-Salud,0,Estante B1
4TCAFBP24U,Calama,0,Estante C1
QSC6DI7MPL,Serrano,0,Estante A1
QSC6DI7MPL,Norte-Salud,0,Estante B1
QSC6DI7MPL,Calama,0,Estante C1
FAIYVRMWC2,Serrano,0,Estante A1
FAIYVRMWC2,Norte-Salud,0,Estante B1
FAIYVRMWC2,Calama,0,Estante C1
IIBCSYFUQX,Serrano,0,Estante A1
IIBCSYFUQX,Norte-Salud,0,Estante B1
IIBCSYFUQX,Calama,0,Estante C1
RECXGCIPOJ,Serrano,0,Estante A1
RECXGCIPOJ,Norte-Salud,0,Estante B1
RECXGCIPOJ,Calama,0,Estante C1
UHT76ZUEUC,Serrano,0,Estante A1
UHT76ZUEUC,Norte-Salud,0,Estante B1
UHT76ZUEUC,Calama,0,Estante C1
GSROLWTMCH,Serrano,0,Estante A1
GSROLWTMCH,Norte-Salud,0,Estante B1
GSROLWTMCH,Calama,0,Estante C1
OTRZ65EI7W,Serrano,0,Estante A1
OTRZ65EI7W,Norte-Salud,0,Estante B1
OTRZ65EI7W,Calama,0,Estante C1
JON7RYU3CB,Serrano,0,Estante A1
JON7RYU3CB,Norte-Salud,0,Estante B1
JON7RYU3CB,Calama,0,Estante C1
RTQQ4FA3FE,Serrano,0,Estante A1
RTQQ4FA3FE,Norte-Salud,0,Estante B1
RTQQ4FA3FE,Calama,0,Estante C1
BQVJDVXIRY,Serrano,0,Estante A1
BQVJDVXIRY,Norte-Salud,0,Estante B1
BQVJDVXIRY,Calama,0,Estante C1
V1CBI3CJSD,Serrano,0,Estante A1
V1CBI3CJSD,Norte-Salud,0,Estante B1
V1CBI3CJSD,Calama,0,Estante C1
YFZQQSJVGD,Serrano,0,Estante A1
YFZQQSJVGD,Norte-Salud,0,Estante B1
YFZQQSJVGD,Calama,0,Estante C1
7PLPIIBVLS,Serrano,0,Estante A1
7PLPIIBVLS,Norte-Salud,0,Estante B1
7PLPIIBVLS,Calama,0,Estante C1
X9SBLT5KFD,Serrano,0,Estante A1
X9SBLT5KFD,Norte-Salud,0,Estante B1
X9SBLT5KFD,Calama,0,Estante C1
MOQQ76035N,Serrano,0,Estante A1
MOQQ76035N,Norte-Salud,0,Estante B1
MOQQ76035N,Calama,0,Estante C1
ZKUXBZ3JRY,Serrano,0,Estante A1
ZKUXBZ3JRY,Norte-Salud,0,Estante B1
ZKUXBZ3JRY,Calama,0,Estante C1
KRKG6RQZBC,Serrano,0,Estante A1
KRKG6RQZBC,Norte-Salud,0,Estante B1
KRKG6RQZBC,Calama,0,Estante C1
D4EK6WMXXK,Serrano,0,Estante A1
D4EK6WMXXK,Norte-Salud,0,Estante B1
D4EK6WMXXK,Calama,0,Estante C1
HIO44ACWJE,Serrano,0,Estante A1
HIO44ACWJE,Norte-Salud,0,Estante B1
HIO44ACWJE,Calama,0,Estante C1
JTGFAMKDRW,Serrano,0,Estante A1
JTGFAMKDRW,Norte-Salud,0,Estante B1
JTGFAMKDRW,Calama,0,Estante C1
GGZGVIGPEJ,Serrano,0,Estante A1
GGZGVIGPEJ,Norte-Salud,0,Estante B1
GGZGVIGPEJ,Calama,0,Estante C1
OYDHZPYI5F,Serrano,0,Estante A1
OYDHZPYI5F,Norte-Salud,0,Estante B1
OYDHZPYI5F,Calama,0,Estante C1
FWDUA0TWBC,Serrano,0,Estante A1
FWDUA0TWBC,Norte-Salud,0,Estante B1
FWDUA0TWBC,Calama,0,Estante C1
P3JDZUZEOU,Serrano,0,Estante A1
P3JDZUZEOU,Norte-Salud,0,Estante B1
P3JDZUZEOU,Calama,0,Estante C1
UGT5FBLXOO,Serrano,0,Estante A1
UGT5FBLXOO,Norte-Salud,0,Estante B1
UGT5FBLXOO,Calama,0,Estante C1
YOKR6KRDZH,Serrano,0,Estante A1
YOKR6KRDZH,Norte-Salud,0,Estante B1
YOKR6KRDZH,Calama,0,Estante C1
DVFADZIUDQ,Serrano,0,Estante A1
DVFADZIUDQ,Norte-Salud,0,Estante B1
DVFADZIUDQ,Calama,0,Estante C1
TVVVVT0GVD,Serrano,0,Estante A1
TVVVVT0GVD,Norte-Salud,0,Estante B1
TVVVVT0GVD,Calama,0,Estante C1
UQBNLSJJAC,Serrano,0,Estante A1
UQBNLSJJAC,Norte-Salud,0,Estante B1
UQBNLSJJAC,Calama,0,Estante C1
SIZOWPCU9D,Serrano,0,Estante A1
SIZOWPCU9D,Norte-Salud,0,Estante B1
SIZOWPCU9D,Calama,0,Estante C1
KBUQZNQVUK,Serrano,0,Estante A1
KBUQZNQVUK,Norte-Salud,0,Estante B1
KBUQZNQVUK,Calama,0,Estante C1
AGSEPPNTJW,Serrano,0,Estante A1
AGSEPPNTJW,Norte-Salud,0,Estante B1
AGSEPPNTJW,Calama,0,Estante C1
O4NLS5Z0EQ,Serrano,0,Estante A1
O4NLS5Z0EQ,Norte-Salud,0,Estante B1
O4NLS5Z0EQ,Calama,0,Estante C1
WCWNWPKDDF,Serrano,0,Estante A1
WCWNWPKDDF,Norte-Salud,0,Estante B1
WCWNWPKDDF,Calama,0,Estante C1
X2QTA9Y48A,Serrano,0,Estante A1
X2QTA9Y48A,Norte-Salud,0,Estante B1
X2QTA9Y48A,Calama,0,Estante C1
4ALFSGJ3PY,Serrano,0,Estante A1
4ALFSGJ3PY,Norte-Salud,0,Estante B1
4ALFSGJ3PY,Calama,0,Estante C1
BCOLIGOVAA,Serrano,0,Estante A1
BCOLIGOVAA,Norte-Salud,0,Estante B1
BCOLIGOVAA,Calama,0,Estante C1
RNW9NB0L9H,Serrano,0,Estante A1
RNW9NB0L9H,Norte-Salud,0,Estante B1
RNW9NB0L9H,Calama,0,Estante C1
CRMYNTUADG,Serrano,0,Estante A1
CRMYNTUADG,Norte-Salud,0,Estante B1
CRMYNTUADG,Calama,0,Estante C1
NUBKF1POHU,Serrano,0,Estante A1
NUBKF1POHU,Norte-Salud,0,Estante B1
NUBKF1POHU,Calama,0,Estante C1
4CRLUWP1F3,Serrano,0,Estante A1
4CRLUWP1F3,Norte-Salud,0,Estante B1
4CRLUWP1F3,Calama,0,Estante C1
AETVRMBUMB,Serrano,0,Estante A1
AETVRMBUMB,Norte-Salud,0,Estante B1
AETVRMBUMB,Calama,0,Estante C1
OOMMHUXG10,Serrano,0,Estante A1
OOMMHUXG10,Norte-Salud,0,Estante B1
OOMMHUXG10,Calama,0,Estante C1
U1SOTGPQTJ,Serrano,0,Estante A1
U1SOTGPQTJ,Norte-Salud,0,Estante B1
U1SOTGPQTJ,Calama,0,Estante C1
0TDCI9AD2N,Serrano,0,Estante A1
0TDCI9AD2N,Norte-Salud,0,Estante B1
0TDCI9AD2N,Calama,0,Estante C1
4MVCXF3G5O,Serrano,0,Estante A1
4MVCXF3G5O,Norte-Salud,0,Estante B1
4MVCXF3G5O,Calama,0,Estante C1
MQMQL7EKTW,Serrano,0,Estante A1
MQMQL7EKTW,Norte-Salud,0,Estante B1
MQMQL7EKTW,Calama,0,Estante C1
VR3VGWCNAZ,Serrano,0,Estante A1
VR3VGWCNAZ,Norte-Salud,0,Estante B1
VR3VGWCNAZ,Calama,0,Estante C1
2LRDDHC0QG,Serrano,0,Estante A1
2LRDDHC0QG,Norte-Salud,0,Estante B1
2LRDDHC0QG,Calama,0,Estante C1
QBDPBAG541,Serrano,0,Estante A1
QBDPBAG541,Norte-Salud,0,Estante B1
QBDPBAG541,Calama,0,Estante C1
8SPIPKNMEA,Serrano,0,Estante A1
8SPIPKNMEA,Norte-Salud,0,Estante B1
8SPIPKNMEA,Calama,0,Estante C1
K61D8AOBEJ,Serrano,0,Estante A1
K61D8AOBEJ,Norte-Salud,0,Estante B1
K61D8AOBEJ,Calama,0,Estante C1
5YUK77RK1O,Serrano,0,Estante A1
5YUK77RK1O,Norte-Salud,0,Estante B1
5YUK77RK1O,Calama,0,Estante C1
J8MLGOM54K,Serrano,0,Estante A1
J8MLGOM54K,Norte-Salud,0,Estante B1
J8MLGOM54K,Calama,0,Estante C1
UVRICCRHP7,Serrano,0,Estante A1
UVRICCRHP7,Norte-Salud,0,Estante B1
UVRICCRHP7,Calama,0,Estante C1
CLJPS2KBBR,Serrano,0,Estante A1
CLJPS2KBBR,Norte-Salud,0,Estante B1
CLJPS2KBBR,Calama,0,Estante C1
S7FYEE6TTC,Serrano,0,Estante A1
S7FYEE6TTC,Norte-Salud,0,Estante B1
S7FYEE6TTC,Calama,0,Estante C1
61ZSEHTOYQ,Serrano,0,Estante A1
61ZSEHTOYQ,Norte-Salud,0,Estante B1
61ZSEHTOYQ,Calama,0,Estante C1
OXOONNMSUF,Serrano,0,Estante A1
OXOONNMSUF,Norte-Salud,0,Estante B1
OXOONNMSUF,Calama,0,Estante C1
HLGKV1PZQE,Serrano,0,Estante A1
HLGKV1PZQE,Norte-Salud,0,Estante B1
HLGKV1PZQE,Calama,0,Estante C1
MYPTSPVG7N,Serrano,0,Estante A1
MYPTSPVG7N,Norte-Salud,0,Estante B1
MYPTSPVG7N,Calama,0,Estante C1
OYWQIJBTOC,Serrano,0,Estante A1
OYWQIJBTOC,Norte-Salud,0,Estante B1
OYWQIJBTOC,Calama,0,Estante C1
BK5QZYDDZX,Serrano,0,Estante A1
BK5QZYDDZX,Norte-Salud,0,Estante B1
BK5QZYDDZX,Calama,0,Estante C1
JQHQYNMQRO,Serrano,0,Estante A1
JQHQYNMQRO,Norte-Salud,0,Estante B1
JQHQYNMQRO,Calama,0,Estante C1
2ZCIY6FPIL,Serrano,0,Estante A1
2ZCIY6FPIL,Norte-Salud,0,Estante B1
2ZCIY6FPIL,Calama,0,Estante C1
UDOHGY82UB,Serrano,0,Estante A1
UDOHGY82UB,Norte-Salud,0,Estante B1
UDOHGY82UB,Calama,0,Estante C1
MJD7RG3PWQ,Serrano,0,Estante A1
MJD7RG3PWQ,Norte-Salud,0,Estante B1
MJD7RG3PWQ,Calama,0,Estante C1
6UZG9KTC4D,Serrano,0,Estante A1
6UZG9KTC4D,Norte-Salud,0,Estante B1
6UZG9KTC4D,Calama,0,Estante C1
GZAHBRPXSJ,Serrano,0,Estante A1
GZAHBRPXSJ,Norte-Salud,0,Estante B1
GZAHBRPXSJ,Calama,0,Estante C1
KNAQWMDGJX,Serrano,0,Estante A1
KNAQWMDGJX,Norte-Salud,0,Estante B1
KNAQWMDGJX,Calama,0,Estante C1
6KOSIDLQMP,Serrano,0,Estante A1
6KOSIDLQMP,Norte-Salud,0,Estante B1
6KOSIDLQMP,Calama,0,Estante C1
MPE7LJOXRK,Serrano,0,Estante A1
MPE7LJOXRK,Norte-Salud,0,Estante B1
MPE7LJOXRK,Calama,0,Estante C1
AIKRQPXV2B,Serrano,0,Estante A1
AIKRQPXV2B,Norte-Salud,0,Estante B1
AIKRQPXV2B,Calama,0,Estante C1
1YAQEFBQXY,Serrano,0,Estante A1
1YAQEFBQXY,Norte-Salud,0,Estante B1
1YAQEFBQXY,Calama,0,Estante C1
DY7GSTYK2L,Serrano,0,Estante A1
DY7GSTYK2L,Norte-Salud,0,Estante B1
DY7GSTYK2L,Calama,0,Estante C1
IZDYISUHV8,Serrano,0,Estante A1
IZDYISUHV8,Norte-Salud,0,Estante B1
IZDYISUHV8,Calama,0,Estante C1
X2IVPRB9MC,Serrano,0,Estante A1
X2IVPRB9MC,Norte-Salud,0,Estante B1
X2IVPRB9MC,Calama,0,Estante C1
KP1SDVACXG,Serrano,0,Estante A1
KP1SDVACXG,Norte-Salud,0,Estante B1
KP1SDVACXG,Calama,0,Estante C1
2KUNQLEE7K,Serrano,0,Estante A1
2KUNQLEE7K,Norte-Salud,0,Estante B1
2KUNQLEE7K,Calama,0,Estante C1
T8TJ6SFAXO,Serrano,0,Estante A1
T8TJ6SFAXO,Norte-Salud,0,Estante B1
T8TJ6SFAXO,Calama,0,Estante C1
UQGTKSCQLO,Serrano,0,Estante A1
UQGTKSCQLO,Norte-Salud,0,Estante B1
UQGTKSCQLO,Calama,0,Estante C1
CRRBLCCHT4,Serrano,0,Estante A1
CRRBLCCHT4,Norte-Salud,0,Estante B1
CRRBLCCHT4,Calama,0,Estante C1
ZBAHUQGAQF,Serrano,0,Estante A1
ZBAHUQGAQF,Norte-Salud,0,Estante B1
ZBAHUQGAQF,Calama,0,Estante C1
C8VPE6WWG7,Serrano,0,Estante A1
C8VPE6WWG7,Norte-Salud,0,Estante B1
C8VPE6WWG7,Calama,0,Estante C1
1BEGXFU93X,Serrano,0,Estante A1
1BEGXFU93X,Norte-Salud,0,Estante B1
1BEGXFU93X,Calama,0,Estante C1
DFRRLAYERE,Serrano,0,Estante A1
DFRRLAYERE,Norte-Salud,0,Estante B1
DFRRLAYERE,Calama,0,Estante C1
E5MDII5UAH,Serrano,0,Estante A1
E5MDII5UAH,Norte-Salud,0,Estante B1
E5MDII5UAH,Calama,0,Estante C1
S8XPVO5WWC,Serrano,0,Estante A1
S8XPVO5WWC,Norte-Salud,0,Estante B1
S8XPVO5WWC,Calama,0,Estante C1
W01VFRLHIL,Serrano,0,Estante A1
W01VFRLHIL,Norte-Salud,0,Estante B1
W01VFRLHIL,Calama,0,Estante C1
ZBJKY6JNE5,Serrano,0,Estante A1
ZBJKY6JNE5,Norte-Salud,0,Estante B1
ZBJKY6JNE5,Calama,0,Estante C1
PWFCRMIT9N,Serrano,0,Estante A1
PWFCRMIT9N,Norte-Salud,0,Estante B1
PWFCRMIT9N,Calama,0,Estante C1
IXI2S6RHIE,Serrano,0,Estante A1
IXI2S6RHIE,Norte-Salud,0,Estante B1
IXI2S6RHIE,Calama,0,Estante C1
EL3LGYG9FF,Serrano,0,Estante A1
EL3LGYG9FF,Norte-Salud,0,Estante B1
EL3LGYG9FF,Calama,0,Estante C1
2FO96W7WVA,Serrano,0,Estante A1
2FO96W7WVA,Norte-Salud,0,Estante B1
2FO96W7WVA,Calama,0,Estante C1
PZDKCW3CMX,Serrano,0,Estante A1
PZDKCW3CMX,Norte-Salud,0,Estante B1
PZDKCW3CMX,Calama,0,Estante C1
FASHSMNXB6,Serrano,0,Estante A1
FASHSMNXB6,Norte-Salud,0,Estante B1
FASHSMNXB6,Calama,0,Estante C1
9BEAV6FEHU,Serrano,0,Estante A1
9BEAV6FEHU,Norte-Salud,0,Estante B1
9BEAV6FEHU,Calama,0,Estante C1
JBPDW6CX39,Serrano,0,Estante A1
JBPDW6CX39,Norte-Salud,0,Estante B1
JBPDW6CX39,Calama,0,Estante C1
CLP5KRFTRW,Serrano,0,Estante A1
CLP5KRFTRW,Norte-Salud,0,Estante B1
CLP5KRFTRW,Calama,0,Estante C1
FGDKELNXNR,Serrano,0,Estante A1
FGDKELNXNR,Norte-Salud,0,Estante B1
FGDKELNXNR,Calama,0,Estante C1
4QCYFCISLP,Serrano,0,Estante A1
4QCYFCISLP,Norte-Salud,0,Estante B1
4QCYFCISLP,Calama,0,Estante C1
SLLSXI1CWN,Serrano,0,Estante A1
SLLSXI1CWN,Norte-Salud,0,Estante B1
SLLSXI1CWN,Calama,0,Estante C1
FUZW3BMUHE,Serrano,0,Estante A1
FUZW3BMUHE,Norte-Salud,0,Estante B1
FUZW3BMUHE,Calama,0,Estante C1
WXQJWE05NZ,Serrano,0,Estante A1
WXQJWE05NZ,Norte-Salud,0,Estante B1
WXQJWE05NZ,Calama,0,Estante C1
UWEYVH70ZW,Serrano,0,Estante A1
UWEYVH70ZW,Norte-Salud,0,Estante B1
UWEYVH70ZW,Calama,0,Estante C1
Q4PQUXWONF,Serrano,0,Estante A1
Q4PQUXWONF,Norte-Salud,0,Estante B1
Q4PQUXWONF,Calama,0,Estante C1
I1AXUUNDZO,Serrano,0,Estante A1
I1AXUUNDZO,Norte-Salud,0,Estante B1
I1AXUUNDZO,Calama,0,Estante C1
V2SRG8OSKD,Serrano,0,Estante A1
V2SRG8OSKD,Norte-Salud,0,Estante B1
V2SRG8OSKD,Calama,0,Estante C1
QFOM2YVACN,Serrano,0,Estante A1
QFOM2YVACN,Norte-Salud,0,Estante B1
QFOM2YVACN,Calama,0,Estante C1
JVI13RV6QV,Serrano,0,Estante A1
JVI13RV6QV,Norte-Salud,0,Estante B1
JVI13RV6QV,Calama,0,Estante C1
VAG5OQKR0W,Serrano,0,Estante A1
VAG5OQKR0W,Norte-Salud,0,Estante B1
VAG5OQKR0W,Calama,0,Estante C1
W2UAG8FVBE,Serrano,0,Estante A1
W2UAG8FVBE,Norte-Salud,0,Estante B1
W2UAG8FVBE,Calama,0,Estante C1
YGTWGDE6WH,Serrano,0,Estante A1
YGTWGDE6WH,Norte-Salud,0,Estante B1
YGTWGDE6WH,Calama,0,Estante C1
ZLUKMCHAUU,Serrano,0,Estante A1
ZLUKMCHAUU,Norte-Salud,0,Estante B1
ZLUKMCHAUU,Calama,0,Estante C1
4LAWCSCSNA,Serrano,0,Estante A1
4LAWCSCSNA,Norte-Salud,0,Estante B1
4LAWCSCSNA,Calama,0,Estante C1
MNZCMJ2KGL,Serrano,0,Estante A1
MNZCMJ2KGL,Norte-Salud,0,Estante B1
MNZCMJ2KGL,Calama,0,Estante C1
UZZIFJOH0K,Serrano,0,Estante A1
UZZIFJOH0K,Norte-Salud,0,Estante B1
UZZIFJOH0K,Calama,0,Estante C1
DIXS14GV4T,Serrano,0,Estante A1
DIXS14GV4T,Norte-Salud,0,Estante B1
DIXS14GV4T,Calama,0,Estante C1
F2PB7XZT2N,Serrano,0,Estante A1
F2PB7XZT2N,Norte-Salud,0,Estante B1
F2PB7XZT2N,Calama,0,Estante C1
GKYFH3PXJC,Serrano,0,Estante A1
GKYFH3PXJC,Norte-Salud,0,Estante B1
GKYFH3PXJC,Calama,0,Estante C1
4XNSGMNUTK,Serrano,0,Estante A1
4XNSGMNUTK,Norte-Salud,0,Estante B1
4XNSGMNUTK,Calama,0,Estante C1
O4DFB53OP7,Serrano,0,Estante A1
O4DFB53OP7,Norte-Salud,0,Estante B1
O4DFB53OP7,Calama,0,Estante C1
WFDTVXEQWL,Serrano,0,Estante A1
WFDTVXEQWL,Norte-Salud,0,Estante B1
WFDTVXEQWL,Calama,0,Estante C1
1HAS4JTY0E,Serrano,0,Estante A1
1HAS4JTY0E,Norte-Salud,0,Estante B1
1HAS4JTY0E,Calama,0,Estante C1
TX0SPURPAV,Serrano,0,Estante A1
TX0SPURPAV,Norte-Salud,0,Estante B1
TX0SPURPAV,Calama,0,Estante C1
6CQRT8FTSQ,Serrano,0,Estante A1
6CQRT8FTSQ,Norte-Salud,0,Estante B1
6CQRT8FTSQ,Calama,0,Estante C1
EHFEF4KCED,Serrano,0,Estante A1
EHFEF4KCED,Norte-Salud,0,Estante B1
EHFEF4KCED,Calama,0,Estante C1
PAJ9IOF1X5,Serrano,0,Estante A1
PAJ9IOF1X5,Norte-Salud,0,Estante B1
PAJ9IOF1X5,Calama,0,Estante C1
WENMWD0L9K,Serrano,0,Estante A1
WENMWD0L9K,Norte-Salud,0,Estante B1
WENMWD0L9K,Calama,0,Estante C1
0SVXFHAX61,Serrano,0,Estante A1
0SVXFHAX61,Norte-Salud,0,Estante B1
0SVXFHAX61,Calama,0,Estante C1
MSQWNCJ7DZ,Serrano,0,Estante A1
MSQWNCJ7DZ,Norte-Salud,0,Estante B1
MSQWNCJ7DZ,Calama,0,Estante C1
WT0GVHMQ9H,Serrano,0,Estante A1
WT0GVHMQ9H,Norte-Salud,0,Estante B1
WT0GVHMQ9H,Calama,0,Estante C1
EDQOEBYZRM,Serrano,0,Estante A1
EDQOEBYZRM,Norte-Salud,0,Estante B1
EDQOEBYZRM,Calama,0,Estante C1
VSLHZMWKBO,Serrano,0,Estante A1
VSLHZMWKBO,Norte-Salud,0,Estante B1
VSLHZMWKBO,Calama,0,Estante C1
PYAMXUGR6E,Serrano,0,Estante A1
PYAMXUGR6E,Norte-Salud,0,Estante B1
PYAMXUGR6E,Calama,0,Estante C1
PCKSAGHGPW,Serrano,0,Estante A1
PCKSAGHGPW,Norte-Salud,0,Estante B1
PCKSAGHGPW,Calama,0,Estante C1
ALFJGLWIOB,Serrano,0,Estante A1
ALFJGLWIOB,Norte-Salud,0,Estante B1
ALFJGLWIOB,Calama,0,Estante C1
533MTGAZYE,Serrano,0,Estante A1
533MTGAZYE,Norte-Salud,0,Estante B1
533MTGAZYE,Calama,0,Estante C1
DT1NAE2E0R,Serrano,0,Estante A1
DT1NAE2E0R,Norte-Salud,0,Estante B1
DT1NAE2E0R,Calama,0,Estante C1
KBGMPCE1SB,Serrano,0,Estante A1
KBGMPCE1SB,Norte-Salud,0,Estante B1
KBGMPCE1SB,Calama,0,Estante C1
FACWAFKMNA,Serrano,0,Estante A1
FACWAFKMNA,Norte-Salud,0,Estante B1
FACWAFKMNA,Calama,0,Estante C1
OE4BC8S4CI,Serrano,0,Estante A1
OE4BC8S4CI,Norte-Salud,0,Estante B1
OE4BC8S4CI,Calama,0,Estante C1
X25DUCATYP,Serrano,0,Estante A1
X25DUCATYP,Norte-Salud,0,Estante B1
X25DUCATYP,Calama,0,Estante C1
TUCMY732Y7,Serrano,0,Estante A1
TUCMY732Y7,Norte-Salud,0,Estante B1
TUCMY732Y7,Calama,0,Estante C1
5BDVYE1RTS,Serrano,0,Estante A1
5BDVYE1RTS,Norte-Salud,0,Estante B1
5BDVYE1RTS,Calama,0,Estante C1
9FOWEREXOX,Serrano,0,Estante A1
9FOWEREXOX,Norte-Salud,0,Estante B1
9FOWEREXOX,Calama,0,Estante C1
DB1JF2FEXU,Serrano,0,Estante A1
DB1JF2FEXU,Norte-Salud,0,Estante B1
DB1JF2FEXU,Calama,0,Estante C1
F6YIOL2PYJ,Serrano,0,Estante A1
F6YIOL2PYJ,Norte-Salud,0,Estante B1
F6YIOL2PYJ,Calama,0,Estante C1
BWFAEFCYXW,Serrano,0,Estante A1
BWFAEFCYXW,Norte-Salud,0,Estante B1
BWFAEFCYXW,Calama,0,Estante C1
S61X1KQVNU,Serrano,0,Estante A1
S61X1KQVNU,Norte-Salud,0,Estante B1
S61X1KQVNU,Calama,0,Estante C1
K8P9UEXQN9,Serrano,0,Estante A1
K8P9UEXQN9,Norte-Salud,0,Estante B1
K8P9UEXQN9,Calama,0,Estante C1
JECOJWNLA8,Serrano,0,Estante A1
JECOJWNLA8,Norte-Salud,0,Estante B1
JECOJWNLA8,Calama,0,Estante C1
Q0CKLDPU5P,Serrano,0,Estante A1
Q0CKLDPU5P,Norte-Salud,0,Estante B1
Q0CKLDPU5P,Calama,0,Estante C1
TK4QNWFLKB,Serrano,0,Estante A1
TK4QNWFLKB,Norte-Salud,0,Estante B1
TK4QNWFLKB,Calama,0,Estante C1
SXIKWCCWEG,Serrano,0,Estante A1
SXIKWCCWEG,Norte-Salud,0,Estante B1
SXIKWCCWEG,Calama,0,Estante C1
QQRDRYYBCA,Serrano,0,Estante A1
QQRDRYYBCA,Norte-Salud,0,Estante B1
QQRDRYYBCA,Calama,0,Estante C1
SWBHM7WUBX,Serrano,0,Estante A1
SWBHM7WUBX,Norte-Salud,0,Estante B1
SWBHM7WUBX,Calama,0,Estante C1
VZ1IPSFIYJ,Serrano,0,Estante A1
VZ1IPSFIYJ,Norte-Salud,0,Estante B1
VZ1IPSFIYJ,Calama,0,Estante C1
U60GDY0VRF,Serrano,0,Estante A1
U60GDY0VRF,Norte-Salud,0,Estante B1
U60GDY0VRF,Calama,0,Estante C1
QVKHRZYQG9,Serrano,0,Estante A1
QVKHRZYQG9,Norte-Salud,0,Estante B1
QVKHRZYQG9,Calama,0,Estante C1
MWB9OCPMF0,Serrano,0,Estante A1
MWB9OCPMF0,Norte-Salud,0,Estante B1
MWB9OCPMF0,Calama,0,Estante C1
N8U0MZWTY0,Serrano,0,Estante A1
N8U0MZWTY0,Norte-Salud,0,Estante B1
N8U0MZWTY0,Calama,0,Estante C1
XAHMV9PRZI,Serrano,0,Estante A1
XAHMV9PRZI,Norte-Salud,0,Estante B1
XAHMV9PRZI,Calama,0,Estante C1
0ARI0C3MAW,Serrano,0,Estante A1
0ARI0C3MAW,Norte-Salud,0,Estante B1
0ARI0C3MAW,Calama,0,Estante C1
W4DZFDYBE9,Serrano,0,Estante A1
W4DZFDYBE9,Norte-Salud,0,Estante B1
W4DZFDYBE9,Calama,0,Estante C1
6AOYJTUNVH,Serrano,0,Estante A1
6AOYJTUNVH,Norte-Salud,0,Estante B1
6AOYJTUNVH,Calama,0,Estante C1
SNCNZBI1KT,Serrano,0,Estante A1
SNCNZBI1KT,Norte-Salud,0,Estante B1
SNCNZBI1KT,Calama,0,Estante C1
3YRV1SQ2VO,Serrano,0,Estante A1
3YRV1SQ2VO,Norte-Salud,0,Estante B1
3YRV1SQ2VO,Calama,0,Estante C1
XJJNA7ZSGG,Serrano,0,Estante A1
XJJNA7ZSGG,Norte-Salud,0,Estante B1
XJJNA7ZSGG,Calama,0,Estante C1
8USOLKKYN1,Serrano,0,Estante A1
8USOLKKYN1,Norte-Salud,0,Estante B1
8USOLKKYN1,Calama,0,Estante C1
TEGEKCXN6G,Serrano,0,Estante A1
TEGEKCXN6G,Norte-Salud,0,Estante B1
TEGEKCXN6G,Calama,0,Estante C1
WDK56NRU4I,Serrano,0,Estante A1
WDK56NRU4I,Norte-Salud,0,Estante B1
WDK56NRU4I,Calama,0,Estante C1
T0JQO7TZLB,Serrano,0,Estante A1
T0JQO7TZLB,Norte-Salud,0,Estante B1
T0JQO7TZLB,Calama,0,Estante C1
39GZ4GXOPE,Serrano,0,Estante A1
39GZ4GXOPE,Norte-Salud,0,Estante B1
39GZ4GXOPE,Calama,0,Estante C1
RQ5HW1WGNS,Serrano,0,Estante A1
RQ5HW1WGNS,Norte-Salud,0,Estante B1
RQ5HW1WGNS,Calama,0,Estante C1
Z2BCZOTIHZ,Serrano,0,Estante A1
Z2BCZOTIHZ,Norte-Salud,0,Estante B1
Z2BCZOTIHZ,Calama,0,Estante C1
S82MNWEE3G,Serrano,0,Estante A1
S82MNWEE3G,Norte-Salud,0,Estante B1
S82MNWEE3G,Calama,0,Estante C1
YYGEAX0CHN,Serrano,0,Estante A1
YYGEAX0CHN,Norte-Salud,0,Estante B1
YYGEAX0CHN,Calama,0,Estante C1
9ZYGCJCQG5,Serrano,0,Estante A1
9ZYGCJCQG5,Norte-Salud,0,Estante B1
9ZYGCJCQG5,Calama,0,Estante C1
HYECPVOESV,Serrano,0,Estante A1
HYECPVOESV,Norte-Salud,0,Estante B1
HYECPVOESV,Calama,0,Estante C1
C4DGYXQOK1,Serrano,0,Estante A1
C4DGYXQOK1,Norte-Salud,0,Estante B1
C4DGYXQOK1,Calama,0,Estante C1
CZZ3OYEQSD,Serrano,0,Estante A1
CZZ3OYEQSD,Norte-Salud,0,Estante B1
CZZ3OYEQSD,Calama,0,Estante C1
KTLNUG1VBA,Serrano,0,Estante A1
KTLNUG1VBA,Norte-Salud,0,Estante B1
KTLNUG1VBA,Calama,0,Estante C1
SN4D5TSLP6,Serrano,0,Estante A1
SN4D5TSLP6,Norte-Salud,0,Estante B1
SN4D5TSLP6,Calama,0,Estante C1
ISP3TIJ2PO,Serrano,0,Estante A1
ISP3TIJ2PO,Norte-Salud,0,Estante B1
ISP3TIJ2PO,Calama,0,Estante C1
RIRF3FCJC4,Serrano,0,Estante A1
RIRF3FCJC4,Norte-Salud,0,Estante B1
RIRF3FCJC4,Calama,0,Estante C1
PQKEN4KX5K,Serrano,0,Estante A1
PQKEN4KX5K,Norte-Salud,0,Estante B1
PQKEN4KX5K,Calama,0,Estante C1
RPJYVIFDBH,Serrano,0,Estante A1
RPJYVIFDBH,Norte-Salud,0,Estante B1
RPJYVIFDBH,Calama,0,Estante C1
AS3D4JBTEQ,Serrano,0,Estante A1
AS3D4JBTEQ,Norte-Salud,0,Estante B1
AS3D4JBTEQ,Calama,0,Estante C1
NCQN3EBBFB,Serrano,0,Estante A1
NCQN3EBBFB,Norte-Salud,0,Estante B1
NCQN3EBBFB,Calama,0,Estante C1
2QBERH2HIC,Serrano,0,Estante A1
2QBERH2HIC,Norte-Salud,0,Estante B1
2QBERH2HIC,Calama,0,Estante C1
RCEQEIJS4Z,Serrano,0,Estante A1
RCEQEIJS4Z,Norte-Salud,0,Estante B1
RCEQEIJS4Z,Calama,0,Estante C1
YWDOHZMRXA,Serrano,0,Estante A1
YWDOHZMRXA,Norte-Salud,0,Estante B1
YWDOHZMRXA,Calama,0,Estante C1
CTWU7UECLD,Serrano,0,Estante A1
CTWU7UECLD,Norte-Salud,0,Estante B1
CTWU7UECLD,Calama,0,Estante C1
J3BWX1SXPO,Serrano,0,Estante A1
J3BWX1SXPO,Norte-Salud,0,Estante B1
J3BWX1SXPO,Calama,0,Estante C1
16KM7ZGAZ9,Serrano,0,Estante A1
16KM7ZGAZ9,Norte-Salud,0,Estante B1
16KM7ZGAZ9,Calama,0,Estante C1
ILDACOVRLG,Serrano,0,Estante A1
ILDACOVRLG,Norte-Salud,0,Estante B1
ILDACOVRLG,Calama,0,Estante C1
LXTR1L0DWM,Serrano,0,Estante A1
LXTR1L0DWM,Norte-Salud,0,Estante B1
LXTR1L0DWM,Calama,0,Estante C1
45603D03MZ,Serrano,0,Estante A1
45603D03MZ,Norte-Salud,0,Estante B1
45603D03MZ,Calama,0,Estante C1
7E3MHCNCJC,Serrano,0,Estante A1
7E3MHCNCJC,Norte-Salud,0,Estante B1
7E3MHCNCJC,Calama,0,Estante C1
ID5TV0HBQG,Serrano,0,Estante A1
ID5TV0HBQG,Norte-Salud,0,Estante B1
ID5TV0HBQG,Calama,0,Estante C1
G9BJ1NTPZH,Serrano,0,Estante A1
G9BJ1NTPZH,Norte-Salud,0,Estante B1
G9BJ1NTPZH,Calama,0,Estante C1
S0M55TCULB,Serrano,0,Estante A1
S0M55TCULB,Norte-Salud,0,Estante B1
S0M55TCULB,Calama,0,Estante C1
OOLQDNRGXU,Serrano,0,Estante A1
OOLQDNRGXU,Norte-Salud,0,Estante B1
OOLQDNRGXU,Calama,0,Estante C1
PDRKHRJYPC,Serrano,0,Estante A1
PDRKHRJYPC,Norte-Salud,0,Estante B1
PDRKHRJYPC,Calama,0,Estante C1
K3KADTJBPL,Serrano,0,Estante A1
K3KADTJBPL,Norte-Salud,0,Estante B1
K3KADTJBPL,Calama,0,Estante C1
DWVHYEZVWS,Serrano,0,Estante A1
DWVHYEZVWS,Norte-Salud,0,Estante B1
DWVHYEZVWS,Calama,0,Estante C1
9UOKW6EXPS,Serrano,0,Estante A1
9UOKW6EXPS,Norte-Salud,0,Estante B1
9UOKW6EXPS,Calama,0,Estante C1
62NCB3MNH1,Serrano,0,Estante A1
62NCB3MNH1,Norte-Salud,0,Estante B1
62NCB3MNH1,Calama,0,Estante C1
DJHGEZ0UPT,Serrano,0,Estante A1
DJHGEZ0UPT,Norte-Salud,0,Estante B1
DJHGEZ0UPT,Calama,0,Estante C1
AVBV9ZBIMZ,Serrano,0,Estante A1
AVBV9ZBIMZ,Norte-Salud,0,Estante B1
AVBV9ZBIMZ,Calama,0,Estante C1
FPH9CYONO3,Serrano,0,Estante A1
FPH9CYONO3,Norte-Salud,0,Estante B1
FPH9CYONO3,Calama,0,Estante C1
BL9VOLU3V4,Serrano,0,Estante A1
BL9VOLU3V4,Norte-Salud,0,Estante B1
BL9VOLU3V4,Calama,0,Estante C1
POCUEZFHSV,Serrano,0,Estante A1
POCUEZFHSV,Norte-Salud,0,Estante B1
POCUEZFHSV,Calama,0,Estante C1
KVZOVELI5K,Serrano,0,Estante A1
KVZOVELI5K,Norte-Salud,0,Estante B1
KVZOVELI5K,Calama,0,Estante C1
FMTAISX8DE,Serrano,0,Estante A1
FMTAISX8DE,Norte-Salud,0,Estante B1
FMTAISX8DE,Calama,0,Estante C1
RQX3TL45DN,Serrano,0,Estante A1
RQX3TL45DN,Norte-Salud,0,Estante B1
RQX3TL45DN,Calama,0,Estante C1
SI0FKZXERS,Serrano,0,Estante A1
SI0FKZXERS,Norte-Salud,0,Estante B1
SI0FKZXERS,Calama,0,Estante C1
VKNCSQVSRP,Serrano,0,Estante A1
VKNCSQVSRP,Norte-Salud,0,Estante B1
VKNCSQVSRP,Calama,0,Estante C1
JATZW0UJVZ,Serrano,0,Estante A1
JATZW0UJVZ,Norte-Salud,0,Estante B1
JATZW0UJVZ,Calama,0,Estante C1
U8GRTLPMLL,Serrano,0,Estante A1
U8GRTLPMLL,Norte-Salud,0,Estante B1
U8GRTLPMLL,Calama,0,Estante C1
9LCLRZFTAV,Serrano,0,Estante A1
9LCLRZFTAV,Norte-Salud,0,Estante B1
9LCLRZFTAV,Calama,0,Estante C1
64PNZRP6A0,Serrano,0,Estante A1
64PNZRP6A0,Norte-Salud,0,Estante B1
64PNZRP6A0,Calama,0,Estante C1
HEFGOEL1QP,Serrano,0,Estante A1
HEFGOEL1QP,Norte-Salud,0,Estante B1
HEFGOEL1QP,Calama,0,Estante C1
UMOUZZ7AAZ,Serrano,0,Estante A1
UMOUZZ7AAZ,Norte-Salud,0,Estante B1
UMOUZZ7AAZ,Calama,0,Estante C1
QPDZHAELHF,Serrano,0,Estante A1
QPDZHAELHF,Norte-Salud,0,Estante B1
QPDZHAELHF,Calama,0,Estante C1
IVJLCU9SSO,Serrano,0,Estante A1
IVJLCU9SSO,Norte-Salud,0,Estante B1
IVJLCU9SSO,Calama,0,Estante C1
ECRPYMG0AI,Serrano,0,Estante A1
ECRPYMG0AI,Norte-Salud,0,Estante B1
ECRPYMG0AI,Calama,0,Estante C1
L7XHWHGOBV,Serrano,0,Estante A1
L7XHWHGOBV,Norte-Salud,0,Estante B1
L7XHWHGOBV,Calama,0,Estante C1
LF4EEKGO8C,Serrano,0,Estante A1
LF4EEKGO8C,Norte-Salud,0,Estante B1
LF4EEKGO8C,Calama,0,Estante C1
9Z8JZNPKP1,Serrano,0,Estante A1
9Z8JZNPKP1,Norte-Salud,0,Estante B1
9Z8JZNPKP1,Calama,0,Estante C1
DSYUDB3LFW,Serrano,0,Estante A1
DSYUDB3LFW,Norte-Salud,0,Estante B1
DSYUDB3LFW,Calama,0,Estante C1
EZUWOIDKKX,Serrano,0,Estante A1
EZUWOIDKKX,Norte-Salud,0,Estante B1
EZUWOIDKKX,Calama,0,Estante C1
PFCXBCQNHM,Serrano,0,Estante A1
PFCXBCQNHM,Norte-Salud,0,Estante B1
PFCXBCQNHM,Calama,0,Estante C1
XHJTJPUG9K,Serrano,0,Estante A1
XHJTJPUG9K,Norte-Salud,0,Estante B1
XHJTJPUG9K,Calama,0,Estante C1
KFTZ42SZQM,Serrano,0,Estante A1
KFTZ42SZQM,Norte-Salud,0,Estante B1
KFTZ42SZQM,Calama,0,Estante C1
7BXXEUSWPQ,Serrano,0,Estante A1
7BXXEUSWPQ,Norte-Salud,0,Estante B1
7BXXEUSWPQ,Calama,0,Estante C1
XNSFVHRQC3,Serrano,0,Estante A1
XNSFVHRQC3,Norte-Salud,0,Estante B1
XNSFVHRQC3,Calama,0,Estante C1
KQRPCCHUVH,Serrano,0,Estante A1
KQRPCCHUVH,Norte-Salud,0,Estante B1
KQRPCCHUVH,Calama,0,Estante C1
NSECSR1VOR,Serrano,0,Estante A1
NSECSR1VOR,Norte-Salud,0,Estante B1
NSECSR1VOR,Calama,0,Estante C1
IAT5PEKYQQ,Serrano,0,Estante A1
IAT5PEKYQQ,Norte-Salud,0,Estante B1
IAT5PEKYQQ,Calama,0,Estante C1
3O0Q7ZWGC0,Serrano,0,Estante A1
3O0Q7ZWGC0,Norte-Salud,0,Estante B1
3O0Q7ZWGC0,Calama,0,Estante C1
Q7D8AESVRD,Serrano,0,Estante A1
Q7D8AESVRD,Norte-Salud,0,Estante B1
Q7D8AESVRD,Calama,0,Estante C1
92IQ0L3JPB,Serrano,0,Estante A1
92IQ0L3JPB,Norte-Salud,0,Estante B1
92IQ0L3JPB,Calama,0,Estante C1
YL04IQJZNI,Serrano,0,Estante A1
YL04IQJZNI,Norte-Salud,0,Estante B1
YL04IQJZNI,Calama,0,Estante C1
AXI8SYYCMQ,Serrano,0,Estante A1
AXI8SYYCMQ,Norte-Salud,0,Estante B1
AXI8SYYCMQ,Calama,0,Estante C1
D0H3A5OFBA,Serrano,0,Estante A1
D0H3A5OFBA,Norte-Salud,0,Estante B1
D0H3A5OFBA,Calama,0,Estante C1
CHQPM6SBH8,Serrano,0,Estante A1
CHQPM6SBH8,Norte-Salud,0,Estante B1
CHQPM6SBH8,Calama,0,Estante C1
T1RJ6HSODZ,Serrano,0,Estante A1
T1RJ6HSODZ,Norte-Salud,0,Estante B1
T1RJ6HSODZ,Calama,0,Estante C1
TOHRYMCWEI,Serrano,0,Estante A1
TOHRYMCWEI,Norte-Salud,0,Estante B1
TOHRYMCWEI,Calama,0,Estante C1
BEVOZGX7P2,Serrano,0,Estante A1
BEVOZGX7P2,Norte-Salud,0,Estante B1
BEVOZGX7P2,Calama,0,Estante C1
IYT1VINGLC,Serrano,0,Estante A1
IYT1VINGLC,Norte-Salud,0,Estante B1
IYT1VINGLC,Calama,0,Estante C1
XBLY7NWVEV,Serrano,0,Estante A1
XBLY7NWVEV,Norte-Salud,0,Estante B1
XBLY7NWVEV,Calama,0,Estante C1
RSYVEXAHKH,Serrano,0,Estante A1
RSYVEXAHKH,Norte-Salud,0,Estante B1
RSYVEXAHKH,Calama,0,Estante C1
LUWXDSX8NA,Serrano,0,Estante A1
LUWXDSX8NA,Norte-Salud,0,Estante B1
LUWXDSX8NA,Calama,0,Estante C1
SZ9V3OMQFC,Serrano,0,Estante A1
SZ9V3OMQFC,Norte-Salud,0,Estante B1
SZ9V3OMQFC,Calama,0,Estante C1
LCARVKO1B0,Serrano,0,Estante A1
LCARVKO1B0,Norte-Salud,0,Estante B1
LCARVKO1B0,Calama,0,Estante C1
4FSD5U8502,Serrano,0,Estante A1
4FSD5U8502,Norte-Salud,0,Estante B1
4FSD5U8502,Calama,0,Estante C1
V2CSAAPU46,Serrano,0,Estante A1
V2CSAAPU46,Norte-Salud,0,Estante B1
V2CSAAPU46,Calama,0,Estante C1
FV9BHKPIME,Serrano,0,Estante A1
FV9BHKPIME,Norte-Salud,0,Estante B1
FV9BHKPIME,Calama,0,Estante C1
NCUKE0GXOG,Serrano,0,Estante A1
NCUKE0GXOG,Norte-Salud,0,Estante B1
NCUKE0GXOG,Calama,0,Estante C1
TZ49APLY2Z,Serrano,0,Estante A1
TZ49APLY2Z,Norte-Salud,0,Estante B1
TZ49APLY2Z,Calama,0,Estante C1
VICYASRMV2,Serrano,0,Estante A1
VICYASRMV2,Norte-Salud,0,Estante B1
VICYASRMV2,Calama,0,Estante C1
NWNPRTCOEE,Serrano,0,Estante A1
NWNPRTCOEE,Norte-Salud,0,Estante B1
NWNPRTCOEE,Calama,0,Estante C1
JURQIBZBRL,Serrano,0,Estante A1
JURQIBZBRL,Norte-Salud,0,Estante B1
JURQIBZBRL,Calama,0,Estante C1
MZBNLCBWAU,Serrano,0,Estante A1
MZBNLCBWAU,Norte-Salud,0,Estante B1
MZBNLCBWAU,Calama,0,Estante C1
VJQNUBWXLB,Serrano,0,Estante A1
VJQNUBWXLB,Norte-Salud,0,Estante B1
VJQNUBWXLB,Calama,0,Estante C1
WKT6KXIZFB,Serrano,0,Estante A1
WKT6KXIZFB,Norte-Salud,0,Estante B1
WKT6KXIZFB,Calama,0,Estante C1
IBV10FUCWZ,Serrano,0,Estante A1
IBV10FUCWZ,Norte-Salud,0,Estante B1
IBV10FUCWZ,Calama,0,Estante C1
KLYUKT1SLQ,Serrano,0,Estante A1
KLYUKT1SLQ,Norte-Salud,0,Estante B1
KLYUKT1SLQ,Calama,0,Estante C1
DBM369G0DR,Serrano,0,Estante A1
DBM369G0DR,Norte-Salud,0,Estante B1
DBM369G0DR,Calama,0,Estante C1
OOHMXYMLPB,Serrano,0,Estante A1
OOHMXYMLPB,Norte-Salud,0,Estante B1
OOHMXYMLPB,Calama,0,Estante C1
750KEXL01U,Serrano,0,Estante A1
750KEXL01U,Norte-Salud,0,Estante B1
750KEXL01U,Calama,0,Estante C1
LSH0QHIR8U,Serrano,0,Estante A1
LSH0QHIR8U,Norte-Salud,0,Estante B1
LSH0QHIR8U,Calama,0,Estante C1
XO16ZMILWY,Serrano,0,Estante A1
XO16ZMILWY,Norte-Salud,0,Estante B1
XO16ZMILWY,Calama,0,Estante C1
OHBV5MZEQI,Serrano,0,Estante A1
OHBV5MZEQI,Norte-Salud,0,Estante B1
OHBV5MZEQI,Calama,0,Estante C1
NORKTFKEEE,Serrano,0,Estante A1
NORKTFKEEE,Norte-Salud,0,Estante B1
NORKTFKEEE,Calama,0,Estante C1
EGJ9DFY7RX,Serrano,0,Estante A1
EGJ9DFY7RX,Norte-Salud,0,Estante B1
EGJ9DFY7RX,Calama,0,Estante C1
YYXUHIVZJ5,Serrano,0,Estante A1
YYXUHIVZJ5,Norte-Salud,0,Estante B1
YYXUHIVZJ5,Calama,0,Estante C1
SAUR5D8YMO,Serrano,0,Estante A1
SAUR5D8YMO,Norte-Salud,0,Estante B1
SAUR5D8YMO,Calama,0,Estante C1
OFS9XWLAPN,Serrano,0,Estante A1
OFS9XWLAPN,Norte-Salud,0,Estante B1
OFS9XWLAPN,Calama,0,Estante C1
SZTSQKRTEA,Serrano,0,Estante A1
SZTSQKRTEA,Norte-Salud,0,Estante B1
SZTSQKRTEA,Calama,0,Estante C1
WGHGCS2QNG,Serrano,0,Estante A1
WGHGCS2QNG,Norte-Salud,0,Estante B1
WGHGCS2QNG,Calama,0,Estante C1
9A6OAI7YNH,Serrano,0,Estante A1
9A6OAI7YNH,Norte-Salud,0,Estante B1
9A6OAI7YNH,Calama,0,Estante C1
T1RHGRAOQQ,Serrano,0,Estante A1
T1RHGRAOQQ,Norte-Salud,0,Estante B1
T1RHGRAOQQ,Calama,0,Estante C1
HLDVNPPHIL,Serrano,0,Estante A1
HLDVNPPHIL,Norte-Salud,0,Estante B1
HLDVNPPHIL,Calama,0,Estante C1
Z6SXE9YIQI,Serrano,0,Estante A1
Z6SXE9YIQI,Norte-Salud,0,Estante B1
Z6SXE9YIQI,Calama,0,Estante C1
OSWSAVIMEC,Serrano,0,Estante A1
OSWSAVIMEC,Norte-Salud,0,Estante B1
OSWSAVIMEC,Calama,0,Estante C1
MQJNQ8RNBV,Serrano,0,Estante A1
MQJNQ8RNBV,Norte-Salud,0,Estante B1
MQJNQ8RNBV,Calama,0,Estante C1
YQZKO7UL9H,Serrano,0,Estante A1
YQZKO7UL9H,Norte-Salud,0,Estante B1
YQZKO7UL9H,Calama,0,Estante C1
BZ3RUUWENP,Serrano,0,Estante A1
BZ3RUUWENP,Norte-Salud,0,Estante B1
BZ3RUUWENP,Calama,0,Estante C1
O1L7FK4GTW,Serrano,0,Estante A1
O1L7FK4GTW,Norte-Salud,0,Estante B1
O1L7FK4GTW,Calama,0,Estante C1
ZIVNWWWR9H,Serrano,0,Estante A1
ZIVNWWWR9H,Norte-Salud,0,Estante B1
ZIVNWWWR9H,Calama,0,Estante C1
IVOE5W2F8P,Serrano,0,Estante A1
IVOE5W2F8P,Norte-Salud,0,Estante B1
IVOE5W2F8P,Calama,0,Estante C1
HRDGGUBYPF,Serrano,0,Estante A1
HRDGGUBYPF,Norte-Salud,0,Estante B1
HRDGGUBYPF,Calama,0,Estante C1
HMBY5IEDPC,Serrano,0,Estante A1
HMBY5IEDPC,Norte-Salud,0,Estante B1
HMBY5IEDPC,Calama,0,Estante C1
YFV7ISWU9M,Serrano,0,Estante A1
YFV7ISWU9M,Norte-Salud,0,Estante B1
YFV7ISWU9M,Calama,0,Estante C1
F1OAPJM3UE,Serrano,0,Estante A1
F1OAPJM3UE,Norte-Salud,0,Estante B1
F1OAPJM3UE,Calama,0,Estante C1
H1D1T3RWAR,Serrano,0,Estante A1
H1D1T3RWAR,Norte-Salud,0,Estante B1
H1D1T3RWAR,Calama,0,Estante C1
ZNOGUEMTXU,Serrano,0,Estante A1
ZNOGUEMTXU,Norte-Salud,0,Estante B1
ZNOGUEMTXU,Calama,0,Estante C1
HWDORLZ7ZD,Serrano,0,Estante A1
HWDORLZ7ZD,Norte-Salud,0,Estante B1
HWDORLZ7ZD,Calama,0,Estante C1
M0T5O9AIMF,Serrano,0,Estante A1
M0T5O9AIMF,Norte-Salud,0,Estante B1
M0T5O9AIMF,Calama,0,Estante C1
PQEGXOYTVJ,Serrano,0,Estante A1
PQEGXOYTVJ,Norte-Salud,0,Estante B1
PQEGXOYTVJ,Calama,0,Estante C1
BC0ATEDFQX,Serrano,0,Estante A1
BC0ATEDFQX,Norte-Salud,0,Estante B1
BC0ATEDFQX,Calama,0,Estante C1
0JCJ4ZAOWQ,Serrano,0,Estante A1
0JCJ4ZAOWQ,Norte-Salud,0,Estante B1
0JCJ4ZAOWQ,Calama,0,Estante C1
OFRNGZNXUY,Serrano,0,Estante A1
OFRNGZNXUY,Norte-Salud,0,Estante B1
OFRNGZNXUY,Calama,0,Estante C1
OL4S8MDXPN,Serrano,0,Estante A1
OL4S8MDXPN,Norte-Salud,0,Estante B1
OL4S8MDXPN,Calama,0,Estante C1
KASWAYT9XZ,Serrano,0,Estante A1
KASWAYT9XZ,Norte-Salud,0,Estante B1
KASWAYT9XZ,Calama,0,Estante C1
TOEPXYP8Z6,Serrano,0,Estante A1
TOEPXYP8Z6,Norte-Salud,0,Estante B1
TOEPXYP8Z6,Calama,0,Estante C1
AUHLBWUPJF,Serrano,0,Estante A1
AUHLBWUPJF,Norte-Salud,0,Estante B1
AUHLBWUPJF,Calama,0,Estante C1
Y7BLBMOCD4,Serrano,0,Estante A1
Y7BLBMOCD4,Norte-Salud,0,Estante B1
Y7BLBMOCD4,Calama,0,Estante C1
Z1OBCU7F0J,Serrano,0,Estante A1
Z1OBCU7F0J,Norte-Salud,0,Estante B1
Z1OBCU7F0J,Calama,0,Estante C1
FJ1IERQMSZ,Serrano,0,Estante A1
FJ1IERQMSZ,Norte-Salud,0,Estante B1
FJ1IERQMSZ,Calama,0,Estante C1
QNPJSYSSQF,Serrano,0,Estante A1
QNPJSYSSQF,Norte-Salud,0,Estante B1
QNPJSYSSQF,Calama,0,Estante C1
9SUMKSXUHS,Serrano,0,Estante A1
9SUMKSXUHS,Norte-Salud,0,Estante B1
9SUMKSXUHS,Calama,0,Estante C1
LPGPQTPFGE,Serrano,0,Estante A1
LPGPQTPFGE,Norte-Salud,0,Estante B1
LPGPQTPFGE,Calama,0,Estante C1
FKL3OR6NEG,Serrano,0,Estante A1
FKL3OR6NEG,Norte-Salud,0,Estante B1
FKL3OR6NEG,Calama,0,Estante C1
16NEBXP3F7,Serrano,0,Estante A1
16NEBXP3F7,Norte-Salud,0,Estante B1
16NEBXP3F7,Calama,0,Estante C1
LQ06V6U5OC,Serrano,0,Estante A1
LQ06V6U5OC,Norte-Salud,0,Estante B1
LQ06V6U5OC,Calama,0,Estante C1
AW1HZFMP5R,Serrano,0,Estante A1
AW1HZFMP5R,Norte-Salud,0,Estante B1
AW1HZFMP5R,Calama,0,Estante C1
7QE2S3CVPY,Serrano,0,Estante A1
7QE2S3CVPY,Norte-Salud,0,Estante B1
7QE2S3CVPY,Calama,0,Estante C1
OCIPAB4SHI,Serrano,0,Estante A1
OCIPAB4SHI,Norte-Salud,0,Estante B1
OCIPAB4SHI,Calama,0,Estante C1
OJPNNLO3GJ,Serrano,0,Estante A1
OJPNNLO3GJ,Norte-Salud,0,Estante B1
OJPNNLO3GJ,Calama,0,Estante C1
W6KUPROZMS,Serrano,0,Estante A1
W6KUPROZMS,Norte-Salud,0,Estante B1
W6KUPROZMS,Calama,0,Estante C1
NXAIMZCCB4,Serrano,0,Estante A1
NXAIMZCCB4,Norte-Salud,0,Estante B1
NXAIMZCCB4,Calama,0,Estante C1
JQMJZFKCJB,Serrano,0,Estante A1
JQMJZFKCJB,Norte-Salud,0,Estante B1
JQMJZFKCJB,Calama,0,Estante C1
EOCSGJVT15,Serrano,0,Estante A1
EOCSGJVT15,Norte-Salud,0,Estante B1
EOCSGJVT15,Calama,0,Estante C1
